<?xml version="1.0"?>
<metadata xml:lang="en"><Esri><CreaDate>20101112</CreaDate><CreaTime>10353400</CreaTime><SyncOnce>FALSE</SyncOnce><SyncDate>20110127</SyncDate><SyncTime>10024200</SyncTime><ModDate>20110127</ModDate><ModTime>10024200</ModTime><DataProperties><lineage><Process ToolSource="C:\Program Files\ArcGIS\ArcToolbox\Toolboxes\Data Management Tools.tbx\Merge" Date="20090904" Time="105341">Merge O:\nrm\data\nrm_regions_versions\2009_jul_attribution\final_version\nrm_regions_ver_sep09.shp;O:\nrm\data\nrm_regions_versions\2009_jul_attribution\final_version\ashmore_cartier.shp O:\nrm\data\nrm_regions_versions\2009_jul_attribution\final_version\nrm_regions_ver_sep09_Merge.shp "OBJECTID 'OBJECTID' true true false 10 Double 0 10 ,First,#,O:\nrm\data\nrm_regions_versions\2009_jul_attribution\final_version\nrm_regions_ver_sep09.shp,OBJECTID,-1,-1,O:\nrm\data\nrm_regions_versions\2009_jul_attribution\final_version\ashmore_cartier.shp,OBJECTID,-1,-1;NRM_REGION 'NRM_REGION' true true false 40 Text 0 0 ,First,#,O:\nrm\data\nrm_regions_versions\2009_jul_attribution\final_version\nrm_regions_ver_sep09.shp,NRM_REGION,-1,-1;STATUS 'STATUS' true true false 30 Text 0 0 ,First,#,O:\nrm\data\nrm_regions_versions\2009_jul_attribution\final_version\nrm_regions_ver_sep09.shp,STATUS,-1,-1;COASTAL 'COASTAL' true true false 3 Text 0 0 ,First,#,O:\nrm\data\nrm_regions_versions\2009_jul_attribution\final_version\nrm_regions_ver_sep09.shp,COASTAL,-1,-1;WEB_LABEL 'WEB_LABEL' true true false 50 Text 0 0 ,First,#,O:\nrm\data\nrm_regions_versions\2009_jul_attribution\final_version\nrm_regions_ver_sep09.shp,WEB_LABEL,-1,-1;STATE 'STATE' true true false 20 Text 0 0 ,First,#,O:\nrm\data\nrm_regions_versions\2009_jul_attribution\final_version\nrm_regions_ver_sep09.shp,STATE,-1,-1;CODE 'CODE' true true false 9 Long 0 9 ,First,#,O:\nrm\data\nrm_regions_versions\2009_jul_attribution\final_version\nrm_regions_ver_sep09.shp,CODE,-1,-1;POLY_AREA 'POLY_AREA' true true false 10 Double 0 10 ,First,#,O:\nrm\data\nrm_regions_versions\2009_jul_attribution\final_version\nrm_regions_ver_sep09.shp,POLY_AREA,-1,-1,O:\nrm\data\nrm_regions_versions\2009_jul_attribution\final_version\ashmore_cartier.shp,Poly_Ha,-1,-1;NRM_AREA 'NRM_AREA' true true false 10 Double 0 10 ,First,#,O:\nrm\data\nrm_regions_versions\2009_jul_attribution\final_version\nrm_regions_ver_sep09.shp,NRM_AREA,-1,-1,O:\nrm\data\nrm_regions_versions\2009_jul_attribution\final_version\ashmore_cartier.shp,Poly_Ha,-1,-1;LAND_AREA 'LAND_AREA' true true false 10 Double 0 10 ,First,#,O:\nrm\data\nrm_regions_versions\2009_jul_attribution\final_version\nrm_regions_ver_sep09.shp,LAND_AREA,-1,-1,O:\nrm\data\nrm_regions_versions\2009_jul_attribution\final_version\ashmore_cartier.shp,Land_Ha,-1,-1"</Process><Process ToolSource="C:\Program Files\ArcGIS\ArcToolbox\Toolboxes\Conversion Tools.tbx\FeatureClassToFeatureClass" Date="20100806" Time="155543">FeatureClassToFeatureClass N:\NRM\Data\nrm_regions_versions\2009_oct_revision\final_version\nrm_regions_2009a.shp "N:\NRM\Work\Fixes to NRM Regions Layer\test_edits\SA_data.gdb\NRM_Regions" nrm_regions_2009a # "OBJECTID 'OBJECTID' true true false 10 Double 0 10 ,First,#,N:\NRM\Data\nrm_regions_versions\2009_oct_revision\final_version\nrm_regions_2009a.shp,OBJECTID,-1,-1;NRM_REGION 'NRM_REGION' true true false 40 Text 0 0 ,First,#,N:\NRM\Data\nrm_regions_versions\2009_oct_revision\final_version\nrm_regions_2009a.shp,NRM_REGION,-1,-1;STATUS 'STATUS' true true false 30 Text 0 0 ,First,#,N:\NRM\Data\nrm_regions_versions\2009_oct_revision\final_version\nrm_regions_2009a.shp,STATUS,-1,-1;COASTAL 'COASTAL' true true false 3 Text 0 0 ,First,#,N:\NRM\Data\nrm_regions_versions\2009_oct_revision\final_version\nrm_regions_2009a.shp,COASTAL,-1,-1;WEB_LABEL 'WEB_LABEL' true true false 50 Text 0 0 ,First,#,N:\NRM\Data\nrm_regions_versions\2009_oct_revision\final_version\nrm_regions_2009a.shp,WEB_LABEL,-1,-1;STATE 'STATE' true true false 20 Text 0 0 ,First,#,N:\NRM\Data\nrm_regions_versions\2009_oct_revision\final_version\nrm_regions_2009a.shp,STATE,-1,-1;CODE 'CODE' true true false 9 Long 0 9 ,First,#,N:\NRM\Data\nrm_regions_versions\2009_oct_revision\final_version\nrm_regions_2009a.shp,CODE,-1,-1;POLY_AREA 'POLY_AREA' true true false 10 Double 0 10 ,First,#,N:\NRM\Data\nrm_regions_versions\2009_oct_revision\final_version\nrm_regions_2009a.shp,POLY_AREA,-1,-1;NRM_AREA 'NRM_AREA' true true false 10 Double 0 10 ,First,#,N:\NRM\Data\nrm_regions_versions\2009_oct_revision\final_version\nrm_regions_2009a.shp,NRM_AREA,-1,-1;LAND_AREA 'LAND_AREA' true true false 10 Double 0 10 ,First,#,N:\NRM\Data\nrm_regions_versions\2009_oct_revision\final_version\nrm_regions_2009a.shp,LAND_AREA,-1,-1" DEFAULTS "N:\NRM\Work\Fixes to NRM Regions Layer\test_edits\SA_data.gdb\NRM_Regions\nrm_regions_2009a"</Process><Process ToolSource="C:\Program Files\ArcGIS\ArcToolbox\Toolboxes\Data Management Tools.tbx\Merge" Date="20100916" Time="151833">Merge nrm_regions_2009a;SA_nrm_regions "N:\NRM\Work\Fixes to NRM Regions Layer\test_edits\SA_data.gdb\NRM_Regions\nrm_regions_sa_update" "Name 'Name' true true false 254 Text 0 0 ,First,#,SA_nrm_regions,Name,-1,-1;Shape_Length 'Shape_Length' false true true 8 Double 0 0 ,First,#,SA_nrm_regions,Shape_Length,-1,-1,nrm_regions_2009a,Shape_Length,-1,-1;Shape_Area 'Shape_Area' false true true 8 Double 0 0 ,First,#,SA_nrm_regions,Shape_Area,-1,-1,nrm_regions_2009a,Shape_Area,-1,-1;OBJECTID 'OBJECTID' true true false 8 Double 0 0 ,First,#,nrm_regions_2009a,OBJECTID,-1,-1;NRM_REGION 'NRM_REGION' true true false 40 Text 0 0 ,First,#,nrm_regions_2009a,NRM_REGION,-1,-1;STATUS 'STATUS' true true false 30 Text 0 0 ,First,#,nrm_regions_2009a,STATUS,-1,-1;COASTAL 'COASTAL' true true false 3 Text 0 0 ,First,#,nrm_regions_2009a,COASTAL,-1,-1;WEB_LABEL 'WEB_LABEL' true true false 50 Text 0 0 ,First,#,nrm_regions_2009a,WEB_LABEL,-1,-1;STATE 'STATE' true true false 20 Text 0 0 ,First,#,nrm_regions_2009a,STATE,-1,-1;CODE 'CODE' true true false 4 Long 0 0 ,First,#,nrm_regions_2009a,CODE,-1,-1;POLY_AREA 'POLY_AREA' true true false 8 Double 0 0 ,First,#,nrm_regions_2009a,POLY_AREA,-1,-1;NRM_AREA 'NRM_AREA' true true false 8 Double 0 0 ,First,#,nrm_regions_2009a,NRM_AREA,-1,-1;LAND_AREA 'LAND_AREA' true true false 8 Double 0 0 ,First,#,nrm_regions_2009a,LAND_AREA,-1,-1"</Process><Process ToolSource="C:\Program Files\ArcGIS\ArcToolbox\Toolboxes\Data Management Tools.tbx\Dissolve" Date="20100917" Time="133556">Dissolve nrm_regions_sa_update "N:\NRM\Work\Fixes to NRM Regions Layer\test_edits\SA_data.gdb\NRM_Regions\nrm_regions_sa_update_Dissol" NRM_REGION;STATE # MULTI_PART DISSOLVE_LINES</Process><Process ToolSource="C:\Program Files\ArcGIS\ArcToolbox\Toolboxes\Data Management Tools.tbx\CopyFeatures" Date="20100922" Time="100948">CopyFeatures "Database Connections\nrm_team@spattest.sde\nrm_regions_2010_interim" "Database Connections\nrmprog_sde@spatprod.sde\NRMPROG_SDE.nrm_regions_2010_interim_new" SMALL_VECTOR 0 0 0</Process><Process ToolSource="C:\Program Files\ArcGIS\ArcToolbox\Toolboxes\Data Management Tools.tbx\Analyze" Date="20100922" Time="101004">Analyze "Database Connections\nrmprog_sde@spatprod.sde\nrm_regions_2010_interim_new" BUSINESS;FEATURE "Database Connections\nrmprog_sde@spatprod.sde\nrm_regions_2010_interim_new"</Process><Process ToolSource="C:\Program Files\ArcGIS\ArcToolbox\Toolboxes\Data Management Tools.tbx\CopyFeatures" Date="20100924" Time="124747">CopyFeatures "Database Connections\nrmprog_sde@spatprod.sde\nrm_regions_2010_interim" "Database Connections\archive_sde@spatprod.sde\ARCHIVE_SDE.nrm_regions_2010_interi_240910" SMALL_VECTOR 0 0 0</Process><Process ToolSource="C:\Program Files\ArcGIS\ArcToolbox\Toolboxes\Data Management Tools.tbx\CopyFeatures" Date="20101109" Time="155257">CopyFeatures "Database Connections\spat_prod on draco.sde\NRMPROG_SDE.nrm_regions_2010_interim" "N:\NRM\Work\Fixes to NRM Regions Layer\coast100k_1990_2004_state_border_work\geodatabase_go\fixing_nrm2.gdb\fix_tol7\NRMPROG_SDE_nrm_regions_2010_interim" # 0 0 0</Process><Process ToolSource="C:\Program Files\ArcGIS\ArcToolbox\Toolboxes\Data Management Tools.tbx\RepairGeometry" Date="20101112" Time="101754">RepairGeometry "N:\NRM\Work\Fixes to NRM Regions Layer\coast100k_1990_2004_state_border_work\geodatabase_go\fixing_nrm2.gdb\fix_tol7\NRM_regions_2010" DELETE_NULL "N:\NRM\Work\Fixes to NRM Regions Layer\coast100k_1990_2004_state_border_work\geodatabase_go\fixing_nrm2.gdb\fix_tol7\NRM_regions_2010"</Process><Process ToolSource="C:\Program Files\ArcGIS\ArcToolbox\Toolboxes\Conversion Tools.tbx\FeatureClassToFeatureClass" Date="20110127" Time="095508">FeatureClassToFeatureClass N:\NRM\Data\nrm_regions_versions\2010_nov_revision\fixing_for_borders\NRM_Regions_2010.gdb\NRM_regions_2010\NRM_regions_2010 N:\NRM\Data\nrm_regions_versions\2010_nov_revision\fixing_for_borders NRM_Regions_2010.shp # "NRM_REGION 'NRM_REGION' true true false 40 Text 0 0 ,First,#,N:\NRM\Data\nrm_regions_versions\2010_nov_revision\fixing_for_borders\NRM_Regions_2010.gdb\NRM_regions_2010\NRM_regions_2010,NRM_REGION,-1,-1;STATE 'STATE' true true false 20 Text 0 0 ,First,#,N:\NRM\Data\nrm_regions_versions\2010_nov_revision\fixing_for_borders\NRM_Regions_2010.gdb\NRM_regions_2010\NRM_regions_2010,STATE,-1,-1;NRM_BODY 'NRM_BODY' true true false 55 Text 0 0 ,First,#,N:\NRM\Data\nrm_regions_versions\2010_nov_revision\fixing_for_borders\NRM_Regions_2010.gdb\NRM_regions_2010\NRM_regions_2010,NRM_BODY,-1,-1;AREA_DESC 'AREA_DESC' true true false 40 Text 0 0 ,First,#,N:\NRM\Data\nrm_regions_versions\2010_nov_revision\fixing_for_borders\NRM_Regions_2010.gdb\NRM_regions_2010\NRM_regions_2010,AREA_DESC,-1,-1;SHAPE_Leng 'SHAPE_Length' false true true 8 Double 0 0 ,First,#,N:\NRM\Data\nrm_regions_versions\2010_nov_revision\fixing_for_borders\NRM_Regions_2010.gdb\NRM_regions_2010\NRM_regions_2010,SHAPE_Length,-1,-1;SHAPE_Area 'SHAPE_Area' false true true 8 Double 0 0 ,First,#,N:\NRM\Data\nrm_regions_versions\2010_nov_revision\fixing_for_borders\NRM_Regions_2010.gdb\NRM_regions_2010\NRM_regions_2010,SHAPE_Area,-1,-1" # N:\NRM\Data\nrm_regions_versions\2010_nov_revision\fixing_for_borders\NRM_Regions_2010.shp</Process></lineage></DataProperties><MetaID>{7897F831-22B7-4079-83FD-D139EA1077B4}</MetaID></Esri><idinfo><native Sync="TRUE">Microsoft Windows XP Version 5.1 (Build 2600) Service Pack 3; ESRI ArcCatalog 9.3.1.1850</native><descript><langdata Sync="TRUE">en</langdata><abstract>REQUIRED: A brief narrative summary of the data set.</abstract><purpose>REQUIRED: A summary of the intentions with which the data set was developed.</purpose></descript><citation><citeinfo><origin>REQUIRED: The name of an organization or individual that developed the data set.</origin><pubdate>REQUIRED: The date when the data set is published or otherwise made available for release.</pubdate><title>Natural Resource Management (NRM) Regions (2010)</title><ftname Sync="TRUE">NRM_Regions_2010</ftname><geoform Sync="TRUE">vector digital data</geoform><onlink Sync="TRUE">\\Act01vfpcl04\erin_share$\NRM\Data\nrm_regions_versions\2010_nov_revision\fixing_for_borders\NRM_Regions_2010.shp</onlink></citeinfo></citation><timeperd><current>REQUIRED: The basis on which the time period of content information is determined.</current><timeinfo><sngdate><caldate>REQUIRED: The year (and optionally month, or month and day) for which the data set corresponds to the ground.</caldate></sngdate></timeinfo></timeperd><status><progress>REQUIRED: The state of the data set.</progress><update>REQUIRED: The frequency with which changes and additions are made to the data set after the initial data set is completed.</update></status><spdom><bounding><westbc Sync="TRUE">72.246195</westbc><eastbc Sync="TRUE">168.226179</eastbc><northbc Sync="TRUE">-9.187947</northbc><southbc Sync="TRUE">-55.173104</southbc></bounding><lboundng><leftbc Sync="TRUE">72.246195</leftbc><rightbc Sync="TRUE">168.226179</rightbc><bottombc Sync="TRUE">-55.173104</bottombc><topbc Sync="TRUE">-9.187947</topbc></lboundng></spdom><keywords><theme><themekt>REQUIRED: Reference to a formally registered thesaurus or a similar authoritative source of theme keywords.</themekt><themekey>REQUIRED: Common-use word or phrase used to describe the subject of the data set.</themekey></theme></keywords><accconst>REQUIRED: Restrictions and legal prerequisites for accessing the data set.</accconst><useconst>REQUIRED: Restrictions and legal prerequisites for using the data set after access is granted.</useconst><natvform Sync="TRUE">Shapefile</natvform></idinfo><dataIdInfo><envirDesc Sync="TRUE">Microsoft Windows XP Version 5.1 (Build 2600) Service Pack 3; ESRI ArcCatalog 9.3.1.1850</envirDesc><spatRpType><SpatRepTypCd Sync="TRUE" value="001"></SpatRepTypCd></spatRpType><dataExt><geoEle><GeoBndBox esriExtentType="native"><westBL Sync="TRUE">72.246195</westBL><eastBL Sync="TRUE">168.226179</eastBL><northBL Sync="TRUE">-9.187947</northBL><southBL Sync="TRUE">-55.173104</southBL><exTypeCode Sync="TRUE">1</exTypeCode></GeoBndBox></geoEle></dataExt><geoBox esriExtentType="decdegrees"><westBL Sync="TRUE">72.246195</westBL><eastBL Sync="TRUE">168.226179</eastBL><northBL Sync="TRUE">-9.187947</northBL><southBL Sync="TRUE">-55.173104</southBL><exTypeCode Sync="TRUE">1</exTypeCode></geoBox><idAbs>The Natural Resource Management (NRM) Regions dataset has been prepared for the purpose of reporting on the Australian Government's Caring for our Country investments. The dataset is designed to cover all Australian territory where Caring for our Country projects might take place and includes major islands; external territories; state and coastal waters; in addition to the 56 NRM regions. This version of the data is an update and formalisation of the 'interim 2010' dataset (which was an interim update of the NRM Regions 2009 dataset- publicly released in Feb 09).

Whilst the boundaries of NRM Regions are defined by legislation in some states and territories this dataset should not be used to represent legal boundaries in any way. It is an administrative dataset developed for the purpose of reporting and public information. It should be noted that from time to time the states and/or territories may revise their regional boundaries in accordance with local needs and therefore alterations to either the attribution or boundaries of the data may occur in the future.

Caring for our Country commenced on 1 July 2008. It integrates delivery of the Australian Government's previous natural resource management programs, including the Natural Heritage Trust, the National Landcare Program, the Environmental Stewardship Program and the Working on Country Indigenous land and sea ranger program.</idAbs><dsFormat><formatName>Shapefile</formatName><formatVer>1</formatVer></dsFormat><idStatus><ProgCd value="001"></ProgCd></idStatus><resMaint><maintFreq><MaintFreqCd value="009"></MaintFreqCd></maintFreq></resMaint><resConst><LegConsts><useLimit>This is an administrative dataset developed for the purpose of reporting and public information. The dataset is not a legal boundary dataset and does not represent legal boundaries in any way.</useLimit><accessConsts><RestrictCd value="005"></RestrictCd></accessConsts><othConsts>This data will be made available for download from the Department's website subject to Commonwealth of Australia Copyright and a licence agreement.</othConsts></LegConsts></resConst><idCitation><resTitle>Natural Resource Management (NRM) Regions (2010)</resTitle><resAltTitle>N:\NRM\Data\nrm_regions_versions\2010_nov_revision\fixing_for_borders\NRM_Regions_2010.shp</resAltTitle><resRefDate><refDate>20070531</refDate><refDateType><DateTypCd value="001"></DateTypCd></refDateType></resRefDate><resRefDate><refDate>20101111</refDate><refDateType><DateTypCd value="003"></DateTypCd></refDateType></resRefDate><citId><MdIdent><identCode>ISOCW0501010795</identCode></MdIdent></citId><citRespParty><rpOrgName>Australian Government Department of Sustainability, Environment, Water, Population and Communities</rpOrgName><rpPosName>NRM Programs Data Manager</rpPosName><rpCntInfo><cntPhone><voiceNum>02 6274 1111</voiceNum><faxNum>02 6274 1666</faxNum></cntPhone><cntAddress><delPoint>GPO Box 787</delPoint><city>Canberra</city><adminArea>ACT</adminArea><postCode>2601</postCode><country>Australia</country><eMailAdd>nrmprograms.metadata@environment.gov.au</eMailAdd></cntAddress><cntOnlineRes><linkage>http://www.environment.gov.au/</linkage></cntOnlineRes></rpCntInfo><role><RoleCd value="002"></RoleCd></role></citRespParty><citRespParty><rpOrgName>Australian Government Department of the Environment, Water, Heritage and the Arts</rpOrgName><rpPosName>Metadata Publisher</rpPosName><rpCntInfo><cntPhone><voiceNum>(02) 6274 1111</voiceNum><faxNum>(02) 6274 1333</faxNum></cntPhone><cntAddress><delPoint>GPO Box 787</delPoint><city>CANBERRA</city><adminArea>ACT</adminArea><postCode>2601</postCode><country>Australia</country><eMailAdd>metadata@environment.gov.au</eMailAdd></cntAddress><cntOnlineRes><linkage>http://www.environment.gov.au/</linkage></cntOnlineRes></rpCntInfo><role><RoleCd value="010"></RoleCd></role></citRespParty><presForm><PresFormCd Sync="TRUE" value="005"></PresFormCd></presForm></idCitation><idPoC><rpOrgName>Australian Government Department of Sustainability, Environment, Water, Population and Communities</rpOrgName><rpPosName>NRM Programs Data Manager</rpPosName><rpCntInfo><cntPhone><voiceNum>02 6274 1111</voiceNum><faxNum>02 6274 1666</faxNum></cntPhone><cntAddress><delPoint>GPO Box 787</delPoint><city>Canberra</city><adminArea>ACT</adminArea><postCode>2601</postCode><country>Australia</country><eMailAdd>nrmprograms.metadata@environment.gov.au</eMailAdd></cntAddress><cntOnlineRes><linkage>http://www.environment.gov.au/</linkage></cntOnlineRes></rpCntInfo><role><RoleCd value="007"></RoleCd></role></idPoC><descKeys><keyword>BOUNDARIES Administrative_Conservation</keyword><keyword>BOUNDARIES Administrative_Management</keyword><keyTyp><KeyTypCd value="005"></KeyTypCd></keyTyp></descKeys><dataScale><equScale><rfDenom>0</rfDenom></equScale></dataScale><tpCat><TopicCatCd value="003"></TopicCatCd></tpCat><suppInfo>not to be published</suppInfo><dataLang><languageCode value="en"></languageCode></dataLang><dataChar><CharSetCd value="004"></CharSetCd></dataChar></dataIdInfo><metainfo><langmeta Sync="TRUE">en</langmeta><metstdn Sync="TRUE">FGDC Content Standards for Digital Geospatial Metadata</metstdn><metstdv Sync="TRUE">FGDC-STD-001-1998</metstdv><mettc Sync="TRUE">local time</mettc><metc><cntinfo><cntorgp><cntper>REQUIRED: The person responsible for the metadata information.</cntper><cntorg>REQUIRED: The organization responsible for the metadata information.</cntorg></cntorgp><cntaddr><addrtype>REQUIRED: The mailing and/or physical address for the organization or individual.</addrtype><city>REQUIRED: The city of the address.</city><state>REQUIRED: The state or province of the address.</state><postal>REQUIRED: The ZIP or other postal code of the address.</postal></cntaddr><cntvoice>REQUIRED: The telephone number by which individuals can speak to the organization or individual.</cntvoice></cntinfo></metc><metd Sync="TRUE">20110127</metd><metextns><onlink Sync="TRUE">http://www.esri.com/metadata/esriprof80.html</onlink><metprof Sync="TRUE">ESRI Metadata Profile</metprof></metextns></metainfo><mdLang><languageCode Sync="TRUE" value="en"></languageCode></mdLang><mdStanName>ISO 19115 Geographic Information - Metadata</mdStanName><mdStanVer>Australian Government</mdStanVer><mdChar><CharSetCd Sync="TRUE" value="004"></CharSetCd></mdChar><mdHrLv><ScopeCd Sync="TRUE" value="005"></ScopeCd></mdHrLv><mdHrLvName Sync="TRUE">dataset</mdHrLvName><distinfo><resdesc></resdesc><stdorder><digform><digtinfo><transize Sync="TRUE">8.012</transize><dssize Sync="TRUE">8.012</dssize></digtinfo></digform></stdorder></distinfo><distInfo><distributor><distorCont><rpOrgName>Australian Government Department of the Environment, Water, Heritage and the Arts</rpOrgName><rpCntInfo><cntPhone><voiceNum>(02) 6274 1111</voiceNum><faxNum>(02) 6274 1333</faxNum></cntPhone><cntAddress><delPoint>GPO Box 787</delPoint><city>CANBERRA</city><adminArea>ACT</adminArea><postCode>2601</postCode><eMailAdd>metadata@environment.gov.au</eMailAdd></cntAddress></rpCntInfo><role><RoleCd value="005"></RoleCd></role></distorCont><distorFormat><formatName>ArcView shapefile</formatName><formatVer>1</formatVer></distorFormat><distorTran><onLineSrc><linkage Sync="TRUE">file://\\Act01vfpcl04\erin_share$\NRM\Data\nrm_regions_versions\2010_nov_revision\fixing_for_borders\NRM_Regions_2010.shp</linkage><orDesc>003</orDesc><protocol Sync="TRUE">Local Area Network</protocol></onLineSrc><transSize Sync="TRUE">8.012</transSize></distorTran></distributor></distInfo><spdoinfo><direct Sync="TRUE">Vector</direct><ptvctinf><esriterm Name="NRM_Regions_2010"><efeatyp Sync="TRUE">Simple</efeatyp><efeageom Sync="TRUE">Polygon</efeageom><esritopo Sync="TRUE">FALSE</esritopo><efeacnt Sync="TRUE">64</efeacnt><spindex Sync="TRUE">TRUE</spindex><linrefer Sync="TRUE">FALSE</linrefer><XYRank Sync="TRUE">1</XYRank><ZRank Sync="TRUE">1</ZRank><topoWeight Sync="TRUE">5.000000</topoWeight><validateEvents Sync="TRUE">FALSE</validateEvents><partTopoRules><topoRuleID Sync="TRUE">1</topoRuleID></partTopoRules><partTopoRules><topoRuleID Sync="TRUE">2</topoRuleID></partTopoRules></esriterm><sdtsterm Name="NRM_Regions_2010"><sdtstype Sync="TRUE">G-polygon</sdtstype><ptvctcnt Sync="TRUE">64</ptvctcnt></sdtsterm></ptvctinf></spdoinfo><spref><horizsys><cordsysn><geogcsn Sync="TRUE">GCS_GDA_1994</geogcsn></cordsysn><geograph><geogunit Sync="TRUE">Decimal degrees</geogunit><latres Sync="TRUE">0.000000</latres><longres Sync="TRUE">0.000000</longres></geograph><geodetic><horizdn Sync="TRUE">D_GDA_1994</horizdn><ellips Sync="TRUE">Geodetic Reference System 80</ellips><semiaxis Sync="TRUE">6378137.000000</semiaxis><denflat Sync="TRUE">298.257222</denflat></geodetic></horizsys><vertdef><altsys><altenc Sync="TRUE">Explicit elevation coordinate included with horizontal coordinates</altenc><altres Sync="TRUE">0.000100</altres></altsys></vertdef></spref><refSysInfo><RefSystem><refSysID><identCode Sync="TRUE">GCS_GDA_1994</identCode></refSysID></RefSystem></refSysInfo><spatRepInfo><VectSpatRep><topLvl><TopoLevCd Sync="TRUE" value="001"></TopoLevCd></topLvl><geometObjs Name="NRM_Regions_2010"><geoObjTyp><GeoObjTypCd Sync="TRUE" value="001"></GeoObjTypCd></geoObjTyp><geoObjCnt Sync="TRUE">64</geoObjCnt></geometObjs></VectSpatRep></spatRepInfo><eainfo><detailed Name="NRM_Regions_2010"><enttyp><enttypl Sync="TRUE">NRM_Regions_2010</enttypl><enttypt Sync="TRUE">Feature Class</enttypt><enttypc Sync="TRUE">64</enttypc></enttyp><attr><attrlabl Sync="TRUE">FID</attrlabl><attalias Sync="TRUE">FID</attalias><attrtype Sync="TRUE">OID</attrtype><attwidth Sync="TRUE">4</attwidth><atprecis Sync="TRUE">0</atprecis><attscale Sync="TRUE">0</attscale><attrdef Sync="TRUE">Internal feature number.</attrdef><attrdefs Sync="TRUE">ESRI</attrdefs><attrdomv><udom Sync="TRUE">Sequential unique whole numbers that are automatically generated.</udom></attrdomv></attr><attr><attrlabl Sync="TRUE">Shape</attrlabl><attalias Sync="TRUE">Shape</attalias><attrtype Sync="TRUE">Geometry</attrtype><attwidth Sync="TRUE">0</attwidth><atprecis Sync="TRUE">0</atprecis><attscale Sync="TRUE">0</attscale><attrdef Sync="TRUE">Feature geometry.</attrdef><attrdefs Sync="TRUE">ESRI</attrdefs><attrdomv><udom Sync="TRUE">Coordinates defining the features.</udom></attrdomv></attr><attr><attrlabl Sync="TRUE">NRM_REGION</attrlabl><attalias Sync="TRUE">NRM_REGION</attalias><attrtype Sync="TRUE">String</attrtype><attwidth Sync="TRUE">40</attwidth></attr><attr><attrlabl Sync="TRUE">STATE</attrlabl><attalias Sync="TRUE">STATE</attalias><attrtype Sync="TRUE">String</attrtype><attwidth Sync="TRUE">20</attwidth></attr><attr><attrlabl Sync="TRUE">NRM_BODY</attrlabl><attalias Sync="TRUE">NRM_BODY</attalias><attrtype Sync="TRUE">String</attrtype><attwidth Sync="TRUE">55</attwidth></attr><attr><attrlabl Sync="TRUE">AREA_DESC</attrlabl><attalias Sync="TRUE">AREA_DESC</attalias><attrtype Sync="TRUE">String</attrtype><attwidth Sync="TRUE">40</attwidth></attr><attr><attrlabl Sync="TRUE">SHAPE_Leng</attrlabl><attalias Sync="TRUE">SHAPE_Leng</attalias><attrtype Sync="TRUE">Float</attrtype><attwidth Sync="TRUE">19</attwidth><atnumdec Sync="TRUE">11</atnumdec></attr><attr><attrlabl Sync="TRUE">SHAPE_Area</attrlabl><attalias Sync="TRUE">SHAPE_Area</attalias><attrtype Sync="TRUE">Float</attrtype><attwidth Sync="TRUE">19</attwidth><attrdef Sync="TRUE">Area of feature in internal units squared.</attrdef><attrdefs Sync="TRUE">ESRI</attrdefs><attrdomv><udom Sync="TRUE">Positive real numbers that are automatically generated.</udom></attrdomv><atnumdec Sync="TRUE">11</atnumdec></attr></detailed></eainfo><mdDateSt>20110127</mdDateSt><dataqual><lineage><procstep><procdesc Sync="TRUE">Dataset moved.</procdesc><srcused Sync="TRUE">O:\nrm\data\nrm_regions_versions\2009_sep_revision\final_draft_version_for_comment\nrm_regions_ver_sep09</srcused><procdate Sync="TRUE">20090904</procdate><proctime Sync="TRUE">15231600</proctime></procstep><procstep><procdesc Sync="TRUE">Dataset copied.</procdesc><srcused Sync="TRUE">\\ACT01VFPCL04\ERIN_SHARE$\NRM\Work\Fixes to NRM Regions Layer\test_edits\SA_data.gdb</srcused><procdate Sync="TRUE">20100921</procdate><proctime Sync="TRUE">12150300</proctime></procstep><procstep><procdesc Sync="TRUE">Dataset copied.</procdesc><srcused Sync="TRUE">\\ACT01VFPCL04\ERIN_SHARE$\NRM\Data\nrm_regions_versions\nrm_regions_20100921.gdb</srcused><procdate Sync="TRUE">20100921</procdate><proctime Sync="TRUE">15291500</proctime></procstep><procstep><procdesc Sync="TRUE">Metadata imported.</procdesc><srcused Sync="TRUE">C:\Documents and Settings\A07769\desktop\ARCHIVE_SDE.nrm_regions_2010_interi_240910.xml</srcused><procdate Sync="TRUE">20100930</procdate><proctime Sync="TRUE">15425700</proctime></procstep><procstep><procdesc Sync="TRUE">Metadata imported.</procdesc><srcused Sync="TRUE">C:\temp2\metadata2010interim.xml</srcused><procdate Sync="TRUE">20101111</procdate><proctime Sync="TRUE">15385600</proctime></procstep><procstep><procdesc Sync="TRUE">Dataset copied.</procdesc><srcused Sync="TRUE">\\Act01vfpcl04\erin_share$\NRM\Work\Fixes to NRM Regions Layer\coast100k_1990_2004_state_border_work\geodatabase_go\fixing_nrm2.gdb</srcused><procdate Sync="TRUE">20101112</procdate><proctime Sync="TRUE">10353400</proctime></procstep></lineage></dataqual><history><log><item><changeset>0</changeset><changetype>Data</changetype><user>INTERNAL\A09340</user><date>3/03/2010 9:38:54 AM</date><comment></comment></item><item><changeset>1</changeset><changetype>Data</changetype><user>INTERNAL\A09340</user><date>3/03/2010 9:38:54 AM</date><comment></comment></item><item><changeset>2</changeset><changetype>Data</changetype><user>INTERNAL\A09340</user><date>3/03/2010 9:38:54 AM</date><comment></comment></item><item><changeset>3</changeset><changetype>Data</changetype><user>INTERNAL\A09340</user><date>3/03/2010 10:52:28 AM</date><comment></comment></item><item><changeset>4</changeset><changetype>Data</changetype><user>INTERNAL\A09340</user><date>3/03/2010 10:52:28 AM</date><comment></comment></item><item><changeset>5</changeset><changetype>Data</changetype><user>INTERNAL\A09340</user><date>3/03/2010 1:37:44 PM</date><comment></comment></item><item><changeset>6</changeset><changetype>Data</changetype><user>INTERNAL\A09340</user><date>3/03/2010 1:37:44 PM</date><comment></comment></item><item><changeset>7</changeset><changetype>Data</changetype><user>INTERNAL\A09340</user><date>3/03/2010 1:50:32 PM</date><comment></comment></item><item><changeset>8</changeset><changetype>Data</changetype><user>INTERNAL\A09340</user><date>3/03/2010 1:50:32 PM</date><comment></comment></item><item><changeset>9</changeset><changetype>Data</changetype><user>INTERNAL\A09340</user><date>3/03/2010 2:11:17 PM</date><comment></comment></item><item><changeset>10</changeset><changetype>Data</changetype><user>INTERNAL\A09340</user><date>3/03/2010 2:11:17 PM</date><comment></comment></item><item><changeset>11</changeset><changetype>Data</changetype><user>INTERNAL\A09340</user><date>3/03/2010 2:11:17 PM</date><comment></comment></item><item><changeset>12</changeset><changetype>Data</changetype><user>INTERNAL\A09340</user><date>3/03/2010 2:11:17 PM</date><comment></comment></item><item><changeset>13</changeset><changetype>Data</changetype><user>INTERNAL\A09340</user><date>3/03/2010 2:34:33 PM</date><comment></comment></item><item><changeset>14</changeset><changetype>Data</changetype><user>INTERNAL\A09340</user><date>3/03/2010 2:34:33 PM</date><comment></comment></item><item><changeset>15</changeset><changetype>Data</changetype><user>INTERNAL\A09340</user><date>3/03/2010 2:34:39 PM</date><comment></comment></item><item><changeset>16</changeset><changetype>Data</changetype><user>INTERNAL\A09340</user><date>3/03/2010 2:34:39 PM</date><comment></comment></item><item><changeset>17</changeset><changetype>Data</changetype><user>INTERNAL\A09340</user><date>3/03/2010 2:34:39 PM</date><comment></comment></item><item><changeset>18</changeset><changetype>Data</changetype><user>INTERNAL\A09340</user><date>3/03/2010 2:34:39 PM</date><comment></comment></item><item><changeset>19</changeset><changetype>Data</changetype><user>INTERNAL\A09340</user><date>30/03/2010 9:54:41 AM</date><comment></comment></item><item><changeset>20</changeset><changetype>Data</changetype><user>INTERNAL\A09340</user><date>30/03/2010 10:01:10 AM</date><comment></comment></item><item><changeset>21</changeset><changetype>Data</changetype><user>INTERNAL\A09340</user><date>30/03/2010 10:04:55 AM</date><comment></comment></item><item><changeset>22</changeset><changetype>Data</changetype><user>INTERNAL\A09340</user><date>30/03/2010 10:05:10 AM</date><comment></comment></item><item><changeset>23</changeset><changetype>Data</changetype><user>INTERNAL\A09340</user><date>30/03/2010 10:08:09 AM</date><comment></comment></item><item><changeset>24</changeset><changetype>Data</changetype><user>INTERNAL\A09340</user><date>30/03/2010 10:21:37 AM</date><comment></comment></item><item><changeset>25</changeset><changetype>Data</changetype><user>INTERNAL\A09340</user><date>30/03/2010 10:28:34 AM</date><comment></comment></item><item><changeset>26</changeset><changetype>Data</changetype><user>INTERNAL\A09340</user><date>30/03/2010 10:29:22 AM</date><comment></comment></item><item><changeset>27</changeset><changetype>Data</changetype><user>INTERNAL\A09340</user><date>30/03/2010 10:30:15 AM</date><comment></comment></item><item><changeset>28</changeset><changetype>Data</changetype><user>INTERNAL\A09340</user><date>30/03/2010 10:31:22 AM</date><comment></comment></item><item><changeset>29</changeset><changetype>Data</changetype><user>INTERNAL\A09340</user><date>30/03/2010 10:31:33 AM</date><comment></comment></item><item><changeset>30</changeset><changetype>Data</changetype><user>INTERNAL\A09340</user><date>30/03/2010 10:31:46 AM</date><comment></comment></item><item><changeset>31</changeset><changetype>Data</changetype><user>INTERNAL\A09340</user><date>30/03/2010 10:46:36 AM</date><comment></comment></item><item><changeset>32</changeset><changetype>Data</changetype><user>INTERNAL\A09340</user><date>30/03/2010 10:52:37 AM</date><comment></comment></item><item><changeset>33</changeset><changetype>Data</changetype><user>INTERNAL\A09340</user><date>30/03/2010 10:52:48 AM</date><comment></comment></item></log></history><mdContact><rpOrgName>Australian Government Department of Sustainability, Environment, Water, Population and Communities</rpOrgName><rpPosName>NRM Programs Data Manager</rpPosName><rpCntInfo><cntPhone><voiceNum>02 6274 1111</voiceNum><faxNum>02 6274 1666</faxNum></cntPhone><cntAddress><delPoint>GPO Box 787</delPoint><city>Canberra</city><adminArea>ACT</adminArea><postCode>2601</postCode><country>Australia</country><eMailAdd>nrmprograms.metadata@environment.gov.au</eMailAdd></cntAddress><cntOnlineRes><linkage>http://www.environment.gov.au/</linkage></cntOnlineRes></rpCntInfo><role><RoleCd value="007"></RoleCd></role></mdContact><dqInfo><dataLineage><statement>The base layer for this dataset is the Natural Resource Management (NRM) Region Boundaries (formerly known as Natural Heritage Trust II (NHT2) Region Boundaries (2006)). This base layer was reviewed and built on to develop the NRM Regions 2009 dataset. The main changes to the data at that time included: updates to the internal boundaries within WA and Qld; the seaward extent of coastal regions being extended to the 3 Nm coastal waters limit for all States and the Northern Territory; the inclusion of more offshore islands (and coastal waters); and, the addition of external territories and their 12 Nm territories sea.

The base layer previously included an offshore component for regions in SA, TAS and QLD. Offshore components for the other States and the Northern Territories were created using Geoscience Australia's AMB 2006 coastal waters data. Mainland region boundaries were checked with all state and territory agencies resulting in changes to the internal mainland boundaries for QLD and WA. The amended boundaries were sourced from the relevant agency from these States.

Geoscience Australia's Geodata Coast 100K 2004 dataset was used for mainland state/territory borders. The AMB 2006 data was used to define the offshore boundaries between the States and the Northern Territory. Offshore boundaries between NRM Regions within a State were produced by extending region boundaries at 90 degrees to the state 100k coastline unless otherwise requested by state or territory agencies. VIC and NSW each have unique offshore NRM divisions in the regions of Port Phillip and Western Port (VIC) and Hawkesbury-Nepean (NSW) which are described below.

The coastline has been removed from the data in line with the decision to extend all coastal NRM Regions to the outer limit of the adjacent coastal waters. It should be noted that the removal of the coastline means that islands lying within the outer limit of the Coastal Waters adjacent to the mainland are no longer depicted as separate features in the data. For example the many islands in Shark Bay WA are not displayed as separate entities in this dataset as they fall within the expanded (marine) extent of the Rangelands NRM Region in the new dataset.

Not all coastal waters for the States and/or the Northern Territory have been included in the data. The primary consideration was whether land based activities might affect the adjacent waters. For the purpose of this dataset coastal waters adjacent to the mainland and islands contained in the Geodata Coast 100K dataset are included in the data. Significant islands include Macquarie Island (Tas) and Lord Howe Island (NSW).

Australia's External Territories (Heard and McDonald Islands, Cocos Keeling Islands, Christmas Island, Ashmore and Cartier Islands, and Norfolk Islands) are included in this version of the data. The reporting region for these islands is the area within the outer limit of the 12 Nm Territorial Sea adjacent to each of these External Territories as sourced from the AMB 2006 data.

Specific issues for each State are described below:

NSW - Jervis Bay was added to the Southern Rivers NRM region after consultation with the Australian Government Land and Coasts NSW Team. Lord Howe Island was added to the NSW dataset as a part of the Northern Rivers NRM Region. The NSW Catchment Management Authority (CMA) Hawkesbury-Nepean, provided the marine NRM divisions between theirs and Central-Rivers, identifying that their northern regional boundary bisects Lion Island.

VIC - The Victorian Department of Sustainability and Environment (DSE) provided a state NRM dataset for this update. Their boundaries matched the pre-existing NRM Region Boundaries dataset, except for one small area between East and West Gippsland. Victoria agreed to use the pre-existing NRM boundaries in this area. 

The addition of the 3Nm coastal waters component for Victoria presented a challenge in defining the offshore boundaries between Port Phillip and Westernport and the neighbouring NRM Regions of Corangamite and West Gippsland. The islands on the western shore of Port Phillip Bay in the vicinity of Queenscliff (Swan Island and Duck Island) and Swan Bay have been included in the Corangamite NRM region. From north to south the border between the Corangamite NRM region and Port Phillip and Westernport Bay NRM region is a line drawn from the eastern arm of Edwards Point to Swan Point, along the eastern shore of Swan Island and between the southern extremity of Swan Island to the eastern extremity of Point Queenscliff. The offshore boundary between these regions is a line drawn directly south from Point Lonsdale to the outer limit of coastal waters. Finally, the offshore boundary between Port Phillip and Westernport Bay and West Gippsland is a line drawn directly south from the town of San Remo to the outer limit of coastal waters.

Tas - The area of Coastal Waters adjacent to the Hogan Group of islands in Bass Straight is divided between Victoria and Tasmania. For the purpose of this dataset the entire area has been allocated to the North NRM region of Tasmania.

The major changes to the data for this dataset are that new NRM region boundaries for South Australia which came into effect on 1 July 2009 have been incorporated into the data; and, the data structure (attributes) have been modified. Other more minor changes include: all offshore boundaries between States and/or the Northern Territory were reviewed to be consistent with the agreed coastal waters boundaries as depicted in Geoscience Australia's AMB 2006 data; the area of coastal waters adjacent to the Cooperative Management Area in Queensland has been included in that region; and, the external territory of Ashmore and Cartier Islands has been added to the dataset.</statement><dataSource><srcCitatn><resTitle>The NRM region boundaries are primarily based on data and information supplied by the relevant State and Territory government agencies. Geoscience Australia's Australian Maritime Boundaries (2006) and Geodata Coast 100K (2004) data was also used in the development of this data.</resTitle><resRefDate><refDate>20000101</refDate><refDateType><DateTypCd value="003"></DateTypCd></refDateType></resRefDate></srcCitatn></dataSource></dataLineage><dqReport><DQAbsExtPosAcc><measResult><ConResult><conSpec><resTitle>ERIN Check</resTitle><resRefDate><refDate>20000101</refDate><refDateType><DateTypCd value="003"></DateTypCd></refDateType></resRefDate></conSpec><conExpl>The positional accuracy of the data varies according to the scale and origin of the source material. Component data scales were generally larger than 1:250 000. The positional accuracy of similar scale topographic data is expressed as not more than 10% of well-defined points are in error by more than 140 metres. An assessment of the linework in the data against various baseline material (drainage basin and LGA datasets) suggests that this figure provides a reasonable overall assessment of the positional accuracy of the data.

The dataset has also been agreed by the States and Territories as well as the Australian Government to be an accurate depiction of the NRM Regions for the purpose of reporting and public information and is therefore accurate as supplied.</conExpl><conPass>1</conPass></ConResult></measResult></DQAbsExtPosAcc><DQNonQuanAttAcc><measResult><ConResult><conSpec><resTitle>ERIN Check</resTitle><resRefDate><refDate>20000101</refDate><refDateType><DateTypCd value="003"></DateTypCd></refDateType></resRefDate></conSpec><conExpl>The main attribution supplied with this data are the names of the NRM regions and their administrative body. The region names were agreed by the states and territories for the 2009 data (the Swan region has changed to Perth region since then). The websites of each regional body were used to check the attribution for this version of the data.</conExpl><conPass>1</conPass></ConResult></measResult></DQNonQuanAttAcc><DQConcConsis><measResult><ConResult><conSpec><resTitle>ERIN Check</resTitle><resRefDate><refDate>20000101</refDate><refDateType><DateTypCd value="003"></DateTypCd></refDateType></resRefDate></conSpec><conExpl>All records have been checked for consistency between attributes. Error checks have been undertaken to remove slivers and overlap errors using ArcGIS topology tools.</conExpl><conPass>1</conPass></ConResult></measResult></DQConcConsis><DQCompOm><measResult><ConResult><conSpec><resTitle>ERIN Check</resTitle><resRefDate><refDate>20000101</refDate><refDateType><DateTypCd value="003"></DateTypCd></refDateType></resRefDate></conSpec><conExpl>The dataset is a complete picture of all 56 NRM Regions as supplied by the States and Territories. Two of the Queensland NRM Regions overlap and are depicted in this dataset as the QLD Cooperative Management Area. This version of the data covers a wider geographic extent than the 56 NRM Regions and includes External Territories and other islands on which NRM activity may occur. Users should be aware that regional boundaries may change throughout the life-cycle of the Caring for our Country initiative under state controlled legislation and regional groups.</conExpl><conPass>1</conPass></ConResult></measResult></DQCompOm></dqReport><dqScope><scpLvl><ScopeCd value="005"></ScopeCd></scpLvl></dqScope></dqInfo></metadata>
