PRAGMA foreign_keys=OFF;

BEGIN TRANSACTION;

-- +++++++++++++++++++++++++++++++++++++++++++++++++++++++++++++++++++++++

CREATE TABLE "region_types" (
    "regiontype" VARCHAR(16) NOT NULL,
    "regiontypename_singular" VARCHAR(32),
    "regiontypename_plural" VARCHAR(32),
    "regiontypeurl" VARCHAR(255),

    PRIMARY KEY("regiontype")
);

INSERT INTO "region_types" VALUES(
    'NRM',
    'Natural Resource Management (NRM) region',
    'Natural Resource Management (NRM) regions',
    'http://www.nrm.gov.au/about/nrm/regions/'
);
INSERT INTO "region_types" VALUES(
    'IBRA',
    'IBRA bioregion',
    'IBRA bioregions',
    'http://www.environment.gov.au/parks/nrs/science/bioregion-framework/ibra/'
);
INSERT INTO "region_types" VALUES('State',
    'state of Australia',
    'states of Australia',
    'http://www.gov.au/'
);
INSERT INTO "region_types" VALUES('National',
    'country',
    'countries',
    'http://australia.gov.au/'
);

-- +++++++++++++++++++++++++++++++++++++++++++++++++++++++++++++++++++++++

CREATE TABLE "regions" (
    "id" INTEGER NOT NULL PRIMARY KEY AUTOINCREMENT,
    "type_local_code" VARCHAR(16),
    "shapefile_id" INTEGER,
    "name" VARCHAR(64),
    "long_name" VARCHAR(64),
    "state" VARCHAR(16),
    "governing_body" VARCHAR(128),
    "reportable" BOOLEAN,
    "includes_significant_sea" BOOLEAN,
    "region_type_regiontype" VARCHAR(16) NOT NULL
);

-- sql for inserting countries
INSERT INTO regions VALUES(1,null,null,'Australia','Australia',null,null,'t','t','National');

-- sql for inserting states
INSERT INTO regions VALUES(2,null,1,'New South Wales','New South Wales',null,null,'t','t','State');
INSERT INTO regions VALUES(3,null,2,'Victoria','Victoria',null,null,'t','t','State');
INSERT INTO regions VALUES(4,null,3,'Queensland','Queensland',null,null,'t','t','State');
INSERT INTO regions VALUES(5,null,4,'South Australia','South Australia',null,null,'t','t','State');
INSERT INTO regions VALUES(6,null,5,'Western Australia','Western Australia',null,null,'t','t','State');
INSERT INTO regions VALUES(7,null,6,'Tasmania','Tasmania',null,null,'t','t','State');
INSERT INTO regions VALUES(8,null,7,'Northern Territory','Northern Territory',null,null,'t','t','State');
INSERT INTO regions VALUES(9,null,8,'Australian Capital Territory','Australian Capital Territory',null,null,'t','f','State');
INSERT INTO regions VALUES(10,null,9,'Other Territories','Other Territories',null,null,'f','t','State');

-- sql for inserting NRM regions
INSERT INTO regions VALUES(12,null,0,'ACT','ACT Region','ACT','ACT Natural Resource Management Council','t','f','NRM');
INSERT INTO regions VALUES(13,null,1,'Adelaide and Mount Lofty Ranges','Adelaide and Mount Lofty Ranges Region','SA','Adelaide and Mount Lofty Ranges NRM Board','t','t','NRM');
INSERT INTO regions VALUES(14,null,2,'Alinytjara Wilurara','Alinytjara Wilurara Region','SA','Alinytjara Wilurara NRM Board','t','t','NRM');
INSERT INTO regions VALUES(15,null,3,'Ashmore and Cartier Islands','Ashmore and Cartier Islands Region','External Territory','Australian Government','f','t','NRM');
INSERT INTO regions VALUES(16,null,4,'Avon','Avon Region','WA','Wheatbelt Natural Resource Management','t','f','NRM');
INSERT INTO regions VALUES(17,null,5,'Border Rivers Maranoa-Balonne','Border Rivers Maranoa-Balonne Region','QLD','Queensland Murray-Darling Committee','t','f','NRM');
INSERT INTO regions VALUES(18,null,6,'Border Rivers-Gwydir','Border Rivers-Gwydir Region','NSW','Border Rivers-Gwydir CMA','t','f','NRM');
INSERT INTO regions VALUES(19,null,7,'Burdekin','Burdekin Region','QLD','North Queensland Dry Tropics NRM','t','t','NRM');
INSERT INTO regions VALUES(20,null,8,'Burnett Mary','Burnett Mary Region','QLD','Burnett Mary Regional Group for NRM','t','t','NRM');
INSERT INTO regions VALUES(21,null,9,'Cape York','Cape York Region','QLD','Cape York','t','t','NRM');
INSERT INTO regions VALUES(22,null,10,'Central West','Central West Region','NSW','Central West CMA','t','f','NRM');
INSERT INTO regions VALUES(23,null,11,'Christmas Island','Christmas Island Region','External Territory','Australian Government','f','t','NRM');
INSERT INTO regions VALUES(24,null,12,'Cocos Keeling Islands','Cocos Keeling Islands Region','External Territory','Australian Government','f','t','NRM');
INSERT INTO regions VALUES(25,null,13,'Condamine','Condamine Region','QLD','Condamine Alliance','t','f','NRM');
INSERT INTO regions VALUES(26,null,14,'Cooperative Management Area','Cooperative Management Area Region','QLD','Cape York and Northern Gulf Resource Management Group','f','t','NRM');
INSERT INTO regions VALUES(27,null,15,'Corangamite','Corangamite Region','VIC','Corangamite CMA','t','t','NRM');
INSERT INTO regions VALUES(28,null,16,'Desert Channels','Desert Channels Region','QLD','Desert Channels Queensland','t','f','NRM');
INSERT INTO regions VALUES(29,null,17,'East Gippsland','East Gippsland Region','VIC','East Gippsland CMA','t','t','NRM');
INSERT INTO regions VALUES(30,null,18,'Eyre Peninsula','Eyre Peninsula Region','SA','Eyre Peninsula NRM Board','t','t','NRM');
INSERT INTO regions VALUES(31,null,19,'Fitzroy','Fitzroy Region','QLD','Fitzroy Basin Association','t','t','NRM');
INSERT INTO regions VALUES(32,null,20,'Glenelg Hopkins','Glenelg Hopkins Region','VIC','Glenelg Hopkins CMA','t','t','NRM');
INSERT INTO regions VALUES(33,null,21,'Goulburn Broken','Goulburn Broken Region','VIC','Goulburn Broken CMA','t','f','NRM');
INSERT INTO regions VALUES(34,null,22,'Hawkesbury-Nepean','Hawkesbury-Nepean Region','NSW','Hawkesbury-Nepean CMA','t','t','NRM');
INSERT INTO regions VALUES(35,null,23,'Heard and McDonald Islands','Heard and McDonald Islands Region','External Territory','Australian Government','f','t','NRM');
INSERT INTO regions VALUES(36,null,24,'Hunter-Central Rivers','Hunter-Central Rivers Region','NSW','Hunter-Central Rivers CMA','t','t','NRM');
INSERT INTO regions VALUES(37,null,25,'Kangaroo Island','Kangaroo Island Region','SA','Kangaroo Island NRM Board','t','t','NRM');
INSERT INTO regions VALUES(38,null,26,'Lachlan','Lachlan Region','NSW','Lachlan CMA','t','f','NRM');
INSERT INTO regions VALUES(39,null,27,'Lower Murray Darling','Lower Murray Darling Region','NSW','Lower Murray Darling CMA','t','f','NRM');
INSERT INTO regions VALUES(40,null,28,'Mackay Whitsunday','Mackay Whitsunday Region','QLD','Reef Catchments Mackay Whitsunday Inc','t','t','NRM');
INSERT INTO regions VALUES(41,null,29,'Mallee','Mallee Region','VIC','Mallee CMA','t','f','NRM');
INSERT INTO regions VALUES(42,null,30,'Murray','Murray Region','NSW','Murray CMA','t','f','NRM');
INSERT INTO regions VALUES(43,null,31,'Murrumbidgee','Murrumbidgee Region','NSW','Murrumbidgee CMA','t','f','NRM');
INSERT INTO regions VALUES(44,null,32,'Namoi','Namoi Region','NSW','Namoi CMA','t','f','NRM');
INSERT INTO regions VALUES(45,null,33,'Norfolk Island','Norfolk Island Region','External Territory','Australian Government','f','t','NRM');
INSERT INTO regions VALUES(46,null,34,'North','North Region','TAS','NRM North','t','t','NRM');
INSERT INTO regions VALUES(47,null,35,'North Central','North Central Region','VIC','North Central CMA','t','f','NRM');
INSERT INTO regions VALUES(48,null,36,'North East','North East Region','VIC','North East CMA','t','f','NRM');
INSERT INTO regions VALUES(49,null,37,'North West','North West Region','TAS','NRM Cradle Coast','t','t','NRM');
INSERT INTO regions VALUES(50,null,38,'Northern Agricultural','Northern Agricultural Region','WA','Northern Agricultural Catchments Council','t','t','NRM');
INSERT INTO regions VALUES(51,null,39,'Northern Gulf','Northern Gulf Region','QLD','Northern Gulf Resource Management Group','t','t','NRM');
INSERT INTO regions VALUES(52,null,40,'Northern Rivers','Northern Rivers Region','NSW','Northern Rivers CMA','t','t','NRM');
INSERT INTO regions VALUES(53,null,41,'Northern Rivers - Lord Howe Island','Northern Rivers - Lord Howe Island Region','NSW','Northern Rivers CMA','t','t','NRM');
INSERT INTO regions VALUES(54,null,42,'Northern Territory','Northern Territory Region','NT','Natural Resource Management Board NT','t','t','NRM');
INSERT INTO regions VALUES(55,null,43,'Northern and Yorke','Northern and Yorke Region','SA','Northern and Yorke NRM Board','t','t','NRM');
INSERT INTO regions VALUES(56,null,44,'Perth','Perth Region','WA','Perth Region NRM','t','t','NRM');
INSERT INTO regions VALUES(57,null,45,'Port Phillip and Western Port','Port Phillip and Western Port Region','VIC','Port Phillip and Western Port CMA','t','t','NRM');
INSERT INTO regions VALUES(58,null,46,'Rangelands','Rangelands Region','WA','Rangelands NRM Co-ordinating Group','t','t','NRM');
INSERT INTO regions VALUES(59,null,47,'South','South Region','TAS','NRM South','t','t','NRM');
INSERT INTO regions VALUES(60,null,48,'South - Macquarie Islands','South - Macquarie Islands Region','TAS','NRM South','t','t','NRM');
INSERT INTO regions VALUES(61,null,49,'South Australian Arid Lands','South Australian Arid Lands Region','SA','South Australian Arid Lands NRM Board','t','f','NRM');
INSERT INTO regions VALUES(62,null,50,'South Australian Murray Darling Basin','South Australian Murray Darling Basin Region','SA','South Australian Murray Darling Basin NRM Board','t','t','NRM');
INSERT INTO regions VALUES(63,null,51,'South Coast','South Coast Region','WA','South Coast Natural Resource Management Inc','t','t','NRM');
INSERT INTO regions VALUES(64,null,52,'South East','South East Region','SA','South East NRM Board','t','t','NRM');
INSERT INTO regions VALUES(65,null,53,'South East Queensland','South East Queensland Region','QLD','South East Queensland Catchments','t','t','NRM');
INSERT INTO regions VALUES(66,null,54,'South West','South West Region','WA','South West Catchments Council','t','t','NRM');
INSERT INTO regions VALUES(67,null,55,'South West Queensland','South West Queensland Region','QLD','South West NRM','t','f','NRM');
INSERT INTO regions VALUES(68,null,56,'Southern Gulf','Southern Gulf Region','QLD','Southern Gulf Catchments','t','t','NRM');
INSERT INTO regions VALUES(69,null,57,'Southern Rivers','Southern Rivers Region','NSW','Southern Rivers CMA','t','t','NRM');
INSERT INTO regions VALUES(70,null,58,'Sydney Metro','Sydney Metro Region','NSW','Sydney Metro CMA','t','t','NRM');
INSERT INTO regions VALUES(71,null,59,'Torres Strait','Torres Strait Region','QLD','Torres Strait Regional Authority','t','t','NRM');
INSERT INTO regions VALUES(72,null,60,'West Gippsland','West Gippsland Region','VIC','West Gippsland CMA','t','t','NRM');
INSERT INTO regions VALUES(73,null,61,'Western','Western Region','NSW','Western CMA','t','f','NRM');
INSERT INTO regions VALUES(74,null,62,'Wet Tropics','Wet Tropics Region','QLD','Terrain NRM','t','t','NRM');
INSERT INTO regions VALUES(75,null,63,'Wimmera','Wimmera Region','VIC','Wimmera CMA','t','f','NRM');

-- sql for inserting IBRA regions
INSERT INTO regions VALUES(77,'ARC',1,'Arnhem Coast','Arnhem Coast Region',null,null,'t','f','IBRA');
INSERT INTO regions VALUES(78,'ARP',2,'Arnhem Plateau','Arnhem Plateau Region',null,null,'t','f','IBRA');
INSERT INTO regions VALUES(79,'AUA',3,'Australian Alps','Australian Alps Region',null,null,'t','f','IBRA');
INSERT INTO regions VALUES(80,'AVW',4,'Avon Wheatbelt','Avon Wheatbelt Region',null,null,'t','f','IBRA');
INSERT INTO regions VALUES(81,'BBN',5,'Brigalow Belt North','Brigalow Belt North Region',null,null,'t','f','IBRA');
INSERT INTO regions VALUES(82,'BBS',6,'Brigalow Belt South','Brigalow Belt South Region',null,null,'t','f','IBRA');
INSERT INTO regions VALUES(83,'BEL',7,'Ben Lomond','Ben Lomond Region',null,null,'t','f','IBRA');
INSERT INTO regions VALUES(84,'BHC',8,'Broken Hill Complex','Broken Hill Complex Region',null,null,'t','f','IBRA');
INSERT INTO regions VALUES(85,'BRT',9,'Burt Plain','Burt Plain Region',null,null,'t','f','IBRA');
INSERT INTO regions VALUES(86,'CAR',10,'Carnarvon','Carnarvon Region',null,null,'t','f','IBRA');
INSERT INTO regions VALUES(87,'CEA',11,'Central Arnhem','Central Arnhem Region',null,null,'t','f','IBRA');
INSERT INTO regions VALUES(88,'CEK',12,'Central Kimberley','Central Kimberley Region',null,null,'t','f','IBRA');
INSERT INTO regions VALUES(89,'CER',13,'Central Ranges','Central Ranges Region',null,null,'t','f','IBRA');
INSERT INTO regions VALUES(90,'CHC',14,'Channel Country','Channel Country Region',null,null,'t','f','IBRA');
INSERT INTO regions VALUES(91,'CMC',15,'Central Mackay Coast','Central Mackay Coast Region',null,null,'t','f','IBRA');
INSERT INTO regions VALUES(92,'COO',16,'Coolgardie','Coolgardie Region',null,null,'t','f','IBRA');
INSERT INTO regions VALUES(93,'COP',17,'Cobar Peneplain','Cobar Peneplain Region',null,null,'t','f','IBRA');
INSERT INTO regions VALUES(94,'COS',18,'Coral Sea','Coral Sea Region',null,null,'f','t','IBRA');
INSERT INTO regions VALUES(95,'CYP',19,'Cape York Peninsula','Cape York Peninsula Region',null,null,'t','f','IBRA');
INSERT INTO regions VALUES(96,'DAB',20,'Daly Basin','Daly Basin Region',null,null,'t','f','IBRA');
INSERT INTO regions VALUES(97,'DAC',21,'Darwin Coastal','Darwin Coastal Region',null,null,'t','f','IBRA');
INSERT INTO regions VALUES(98,'DAL',22,'Dampierland','Dampierland Region',null,null,'t','f','IBRA');
INSERT INTO regions VALUES(99,'DEU',23,'Desert Uplands','Desert Uplands Region',null,null,'t','f','IBRA');
INSERT INTO regions VALUES(100,'DMR',24,'Davenport Murchison Ranges','Davenport Murchison Ranges Region',null,null,'t','f','IBRA');
INSERT INTO regions VALUES(101,'DRP',25,'Darling Riverine Plains','Darling Riverine Plains Region',null,null,'t','f','IBRA');
INSERT INTO regions VALUES(102,'EIU',26,'Einasleigh Uplands','Einasleigh Uplands Region',null,null,'t','f','IBRA');
INSERT INTO regions VALUES(103,'ESP',27,'Esperance Plains','Esperance Plains Region',null,null,'t','f','IBRA');
INSERT INTO regions VALUES(104,'EYB',28,'Eyre Yorke Block','Eyre Yorke Block Region',null,null,'t','f','IBRA');
INSERT INTO regions VALUES(105,'FIN',29,'Finke','Finke Region',null,null,'t','f','IBRA');
INSERT INTO regions VALUES(106,'FLB',30,'Flinders Lofty Block','Flinders Lofty Block Region',null,null,'t','f','IBRA');
INSERT INTO regions VALUES(107,'FUR',31,'Furneaux','Furneaux Region',null,null,'t','f','IBRA');
INSERT INTO regions VALUES(108,'GAS',32,'Gascoyne','Gascoyne Region',null,null,'t','f','IBRA');
INSERT INTO regions VALUES(109,'GAW',33,'Gawler','Gawler Region',null,null,'t','f','IBRA');
INSERT INTO regions VALUES(110,'GES',34,'Geraldton Sandplains','Geraldton Sandplains Region',null,null,'t','f','IBRA');
INSERT INTO regions VALUES(111,'GFU',35,'Gulf Fall and Uplands','Gulf Fall and Uplands Region',null,null,'t','f','IBRA');
INSERT INTO regions VALUES(112,'GID',36,'Gibson Desert','Gibson Desert Region',null,null,'t','f','IBRA');
INSERT INTO regions VALUES(113,'GSD',37,'Great Sandy Desert','Great Sandy Desert Region',null,null,'t','f','IBRA');
INSERT INTO regions VALUES(114,'GUC',38,'Gulf Coastal','Gulf Coastal Region',null,null,'t','f','IBRA');
INSERT INTO regions VALUES(115,'GUP',39,'Gulf Plains','Gulf Plains Region',null,null,'t','f','IBRA');
INSERT INTO regions VALUES(116,'GVD',40,'Great Victoria Desert','Great Victoria Desert Region',null,null,'t','f','IBRA');
INSERT INTO regions VALUES(117,'HAM',41,'Hampton','Hampton Region',null,null,'t','f','IBRA');
INSERT INTO regions VALUES(118,'ITI',42,'Indian Tropical Islands','Indian Tropical Islands Region',null,null,'f','t','IBRA');
INSERT INTO regions VALUES(119,'JAF',43,'Jarrah Forest','Jarrah Forest Region',null,null,'t','f','IBRA');
INSERT INTO regions VALUES(120,'KAN',44,'Kanmantoo','Kanmantoo Region',null,null,'t','f','IBRA');
INSERT INTO regions VALUES(121,'KIN',45,'King','King Region',null,null,'t','f','IBRA');
INSERT INTO regions VALUES(122,'LSD',46,'Little Sandy Desert','Little Sandy Desert Region',null,null,'t','f','IBRA');
INSERT INTO regions VALUES(123,'MAC',47,'MacDonnell Ranges','MacDonnell Ranges Region',null,null,'t','f','IBRA');
INSERT INTO regions VALUES(124,'MAL',48,'Mallee','Mallee Region',null,null,'t','f','IBRA');
INSERT INTO regions VALUES(125,'MDD',49,'Murray Darling Depression','Murray Darling Depression Region',null,null,'t','f','IBRA');
INSERT INTO regions VALUES(126,'MGD',50,'Mitchell Grass Downs','Mitchell Grass Downs Region',null,null,'t','f','IBRA');
INSERT INTO regions VALUES(127,'MII',51,'Mount Isa Inlier','Mount Isa Inlier Region',null,null,'t','f','IBRA');
INSERT INTO regions VALUES(128,'MUL',52,'Mulga Lands','Mulga Lands Region',null,null,'t','f','IBRA');
INSERT INTO regions VALUES(129,'MUR',53,'Murchison','Murchison Region',null,null,'t','f','IBRA');
INSERT INTO regions VALUES(130,'NAN',54,'Nandewar','Nandewar Region',null,null,'t','f','IBRA');
INSERT INTO regions VALUES(131,'NCP',55,'Naracoorte Coastal Plain','Naracoorte Coastal Plain Region',null,null,'t','f','IBRA');
INSERT INTO regions VALUES(132,'NET',56,'New England Tablelands','New England Tablelands Region',null,null,'t','f','IBRA');
INSERT INTO regions VALUES(133,'NNC',57,'NSW North Coast','NSW North Coast Region',null,null,'t','f','IBRA');
INSERT INTO regions VALUES(134,'NOK',58,'Northern Kimberley','Northern Kimberley Region',null,null,'t','f','IBRA');
INSERT INTO regions VALUES(135,'NSS',59,'NSW South Western Slopes','NSW South Western Slopes Region',null,null,'t','f','IBRA');
INSERT INTO regions VALUES(136,'NUL',60,'Nullarbor','Nullarbor Region',null,null,'t','f','IBRA');
INSERT INTO regions VALUES(137,'OVP',61,'Ord Victoria Plain','Ord Victoria Plain Region',null,null,'t','f','IBRA');
INSERT INTO regions VALUES(138,'PCK',62,'Pine Creek','Pine Creek Region',null,null,'t','f','IBRA');
INSERT INTO regions VALUES(139,'PIL',63,'Pilbara','Pilbara Region',null,null,'t','f','IBRA');
INSERT INTO regions VALUES(140,'PSI',64,'Pacific Subtropical Islands','Pacific Subtropical Islands Region',null,null,'f','t','IBRA');
INSERT INTO regions VALUES(141,'RIV',65,'Riverina','Riverina Region',null,null,'t','f','IBRA');
INSERT INTO regions VALUES(142,'SAI',66,'Subantarctic Islands','Subantarctic Islands Region',null,null,'f','t','IBRA');
INSERT INTO regions VALUES(143,'SCP',67,'South East Coastal Plain','South East Coastal Plain Region',null,null,'t','f','IBRA');
INSERT INTO regions VALUES(144,'SEC',68,'South East Corner','South East Corner Region',null,null,'t','f','IBRA');
INSERT INTO regions VALUES(145,'SEH',69,'South Eastern Highlands','South Eastern Highlands Region',null,null,'t','f','IBRA');
INSERT INTO regions VALUES(146,'SEQ',70,'South Eastern Queensland','South Eastern Queensland Region',null,null,'t','f','IBRA');
INSERT INTO regions VALUES(147,'SSD',71,'Simpson Strzelecki Dunefields','Simpson Strzelecki Dunefields Region',null,null,'t','f','IBRA');
INSERT INTO regions VALUES(148,'STP',72,'Stony Plains','Stony Plains Region',null,null,'t','f','IBRA');
INSERT INTO regions VALUES(149,'STU',73,'Sturt Plateau','Sturt Plateau Region',null,null,'t','f','IBRA');
INSERT INTO regions VALUES(150,'SVP',74,'Southern Volcanic Plain','Southern Volcanic Plain Region',null,null,'t','f','IBRA');
INSERT INTO regions VALUES(151,'SWA',75,'Swan Coastal Plain','Swan Coastal Plain Region',null,null,'t','f','IBRA');
INSERT INTO regions VALUES(152,'SYB',76,'Sydney Basin','Sydney Basin Region',null,null,'t','f','IBRA');
INSERT INTO regions VALUES(153,'TAN',77,'Tanami','Tanami Region',null,null,'t','f','IBRA');
INSERT INTO regions VALUES(154,'TCH',78,'Tasmanian Central Highlands','Tasmanian Central Highlands Region',null,null,'t','f','IBRA');
INSERT INTO regions VALUES(155,'TIW',79,'Tiwi Cobourg','Tiwi Cobourg Region',null,null,'t','f','IBRA');
INSERT INTO regions VALUES(156,'TNM',80,'Tasmanian Northern Midlands','Tasmanian Northern Midlands Region',null,null,'t','f','IBRA');
INSERT INTO regions VALUES(157,'TNS',81,'Tasmanian Northern Slopes','Tasmanian Northern Slopes Region',null,null,'t','f','IBRA');
INSERT INTO regions VALUES(158,'TSE',82,'Tasmanian South East','Tasmanian South East Region',null,null,'t','f','IBRA');
INSERT INTO regions VALUES(159,'TSR',83,'Tasmanian Southern Ranges','Tasmanian Southern Ranges Region',null,null,'t','f','IBRA');
INSERT INTO regions VALUES(160,'TWE',84,'Tasmanian West','Tasmanian West Region',null,null,'t','f','IBRA');
INSERT INTO regions VALUES(161,'VIB',85,'Victoria Bonaparte','Victoria Bonaparte Region',null,null,'t','f','IBRA');
INSERT INTO regions VALUES(162,'VIM',86,'Victorian Midlands','Victorian Midlands Region',null,null,'t','f','IBRA');
INSERT INTO regions VALUES(163,'WAR',87,'Warren','Warren Region',null,null,'t','f','IBRA');
INSERT INTO regions VALUES(164,'WET',88,'Wet Tropics','Wet Tropics Region',null,null,'t','f','IBRA');
INSERT INTO regions VALUES(165,'YAL',89,'Yalgoo','Yalgoo Region',null,null,'t','f','IBRA');

CREATE TABLE "species" (
    "id" INTEGER NOT NULL PRIMARY KEY AUTOINCREMENT,
    "class" VARCHAR(32),
    "family" VARCHAR(32),
    "scientific_name" VARCHAR(128),
    "common_name" VARCHAR(64)
);

-- add species
insert into species values(null, "amphibians", null, "Adelotus brevis", null);
insert into species values(null, "amphibians", null, "Assa darlingtoni", null);
insert into species values(null, "amphibians", null, "Austrochaperina adelphe", null);
insert into species values(null, "amphibians", null, "Austrochaperina fryi", null);
insert into species values(null, "amphibians", null, "Austrochaperina pluvialis", null);
insert into species values(null, "amphibians", null, "Crinia bilingua", null);
insert into species values(null, "amphibians", null, "Crinia deserticola", null);
insert into species values(null, "amphibians", null, "Crinia georgiana", null);
insert into species values(null, "amphibians", null, "Crinia glauerti", null);
insert into species values(null, "amphibians", null, "Crinia insignifera", null);
insert into species values(null, "amphibians", null, "Crinia nimbus", null);
insert into species values(null, "amphibians", null, "Crinia parinsignifera", null);
insert into species values(null, "amphibians", null, "Crinia pseudinsignifera", null);
insert into species values(null, "amphibians", null, "Crinia remota", null);
insert into species values(null, "amphibians", null, "Crinia riparia", null);
insert into species values(null, "amphibians", null, "Crinia signifera", null);
insert into species values(null, "amphibians", null, "Crinia sloanei", null);
insert into species values(null, "amphibians", null, "Crinia subinsignifera", null);
insert into species values(null, "amphibians", null, "Crinia tasmaniensis", null);
insert into species values(null, "amphibians", null, "Crinia tinnula", null);
insert into species values(null, "amphibians", null, "Cyclorana alboguttata", null);
insert into species values(null, "amphibians", null, "Cyclorana australis", null);
insert into species values(null, "amphibians", null, "Cyclorana brevipes", null);
insert into species values(null, "amphibians", null, "Cyclorana cryptotis", null);
insert into species values(null, "amphibians", null, "Cyclorana cultripes", null);
insert into species values(null, "amphibians", null, "Cyclorana longipes", null);
insert into species values(null, "amphibians", null, "Cyclorana maini", null);
insert into species values(null, "amphibians", null, "Cyclorana novaehollandiae", null);
insert into species values(null, "amphibians", null, "Cyclorana platycephala", null);
insert into species values(null, "amphibians", null, "Cyclorana verrucosa", null);
insert into species values(null, "amphibians", null, "Geocrinia laevis", null);
insert into species values(null, "amphibians", null, "Geocrinia leai", null);
insert into species values(null, "amphibians", null, "Geocrinia victoriana", null);
insert into species values(null, "amphibians", null, "Heleioporus albopunctatus", null);
insert into species values(null, "amphibians", null, "Heleioporus australiacus", null);
insert into species values(null, "amphibians", null, "Heleioporus barycragus", null);
insert into species values(null, "amphibians", null, "Heleioporus eyrei", null);
insert into species values(null, "amphibians", null, "Heleioporus inornatus", null);
insert into species values(null, "amphibians", null, "Heleioporus psammophilus", null);
insert into species values(null, "amphibians", null, "Lechriodus fletcheri", null);
insert into species values(null, "amphibians", null, "Limnodynastes convexiusculus", null);
insert into species values(null, "amphibians", null, "Limnodynastes depressus", null);
insert into species values(null, "amphibians", null, "Limnodynastes dorsalis", null);
insert into species values(null, "amphibians", null, "Limnodynastes dumerilii", null);
insert into species values(null, "amphibians", null, "Limnodynastes fletcheri", null);
insert into species values(null, "amphibians", null, "Limnodynastes interioris", null);
insert into species values(null, "amphibians", null, "Limnodynastes lignarius", null);
insert into species values(null, "amphibians", null, "Limnodynastes ornatus", null);
insert into species values(null, "amphibians", null, "Limnodynastes peronii", null);
insert into species values(null, "amphibians", null, "Limnodynastes salmini", null);
insert into species values(null, "amphibians", null, "Limnodynastes spenceri", null);
insert into species values(null, "amphibians", null, "Limnodynastes tasmaniensis", null);
insert into species values(null, "amphibians", null, "Limnodynastes terraereginae", null);
insert into species values(null, "amphibians", null, "Litoria adelaidensis", null);
insert into species values(null, "amphibians", null, "Litoria alboguttata", null);
insert into species values(null, "amphibians", null, "Litoria aurea", null);
insert into species values(null, "amphibians", null, "Litoria australis", null);
insert into species values(null, "amphibians", null, "Litoria bicolor", null);
insert into species values(null, "amphibians", null, "Litoria booroolongensis", null);
insert into species values(null, "amphibians", null, "Litoria brevipalmata", null);
insert into species values(null, "amphibians", null, "Litoria burrowsae", null);
insert into species values(null, "amphibians", null, "Litoria caerulea", null);
insert into species values(null, "amphibians", null, "Litoria castanea", null);
insert into species values(null, "amphibians", null, "Litoria chloris", null);
insert into species values(null, "amphibians", null, "Litoria citropa", null);
insert into species values(null, "amphibians", null, "Litoria coplandi", null);
insert into species values(null, "amphibians", null, "Litoria cultripes", null);
insert into species values(null, "amphibians", null, "Litoria cyclorhyncha", null);
insert into species values(null, "amphibians", null, "Litoria dahlii", null);
insert into species values(null, "amphibians", null, "Litoria daviesae", null);
insert into species values(null, "amphibians", null, "Litoria dentata", null);
insert into species values(null, "amphibians", null, "Litoria dorsalis", null);
insert into species values(null, "amphibians", null, "Litoria eucnemis", null);
insert into species values(null, "amphibians", null, "Litoria ewingii", null);
insert into species values(null, "amphibians", null, "Litoria fallax", null);
insert into species values(null, "amphibians", null, "Litoria freycineti", null);
insert into species values(null, "amphibians", null, "Litoria genimaculata", null);
insert into species values(null, "amphibians", null, "Litoria gilleni", null);
insert into species values(null, "amphibians", null, "Litoria gracilenta", null);
insert into species values(null, "amphibians", null, "Litoria inermis", null);
insert into species values(null, "amphibians", null, "Litoria infrafrenata", null);
insert into species values(null, "amphibians", null, "Litoria jervisiensis", null);
insert into species values(null, "amphibians", null, "Litoria latopalmata", null);
insert into species values(null, "amphibians", null, "Litoria lesueuri", null);
insert into species values(null, "amphibians", null, "Litoria littlejohni", null);
insert into species values(null, "amphibians", null, "Litoria longipes", null);
insert into species values(null, "amphibians", null, "Litoria maculosa", null);
insert into species values(null, "amphibians", null, "Litoria maini", null);
insert into species values(null, "amphibians", null, "Litoria meiriana", null);
insert into species values(null, "amphibians", null, "Litoria microbelos", null);
insert into species values(null, "amphibians", null, "Litoria moorei", null);
insert into species values(null, "amphibians", null, "Litoria nannotis", null);
insert into species values(null, "amphibians", null, "Litoria nasuta", null);
insert into species values(null, "amphibians", null, "Litoria nigrofrenata", null);
insert into species values(null, "amphibians", null, "Litoria nudidigita", null);
insert into species values(null, "amphibians", null, "Litoria olongburensis", null);
insert into species values(null, "amphibians", null, "Litoria pallida", null);
insert into species values(null, "amphibians", null, "Litoria paraewingi", null);
insert into species values(null, "amphibians", null, "Litoria pearsoniana", null);
insert into species values(null, "amphibians", null, "Litoria peronii", null);
insert into species values(null, "amphibians", null, "Litoria personata", null);
insert into species values(null, "amphibians", null, "Litoria phyllochroa", null);
insert into species values(null, "amphibians", null, "Litoria piperata", null);
insert into species values(null, "amphibians", null, "Litoria raniformis", null);
insert into species values(null, "amphibians", null, "Litoria revelata", null);
insert into species values(null, "amphibians", null, "Litoria rheocola", null);
insert into species values(null, "amphibians", null, "Litoria rothii", null);
insert into species values(null, "amphibians", null, "Litoria rubella", null);
insert into species values(null, "amphibians", null, "Litoria spenceri", null);
insert into species values(null, "amphibians", null, "Litoria splendida", null);
insert into species values(null, "amphibians", null, "Litoria subglandulosa", null);
insert into species values(null, "amphibians", null, "Litoria tornieri", null);
insert into species values(null, "amphibians", null, "Litoria tyleri", null);
insert into species values(null, "amphibians", null, "Litoria verreauxii", null);
insert into species values(null, "amphibians", null, "Litoria watjulumensis", null);
insert into species values(null, "amphibians", null, "Litoria wilcoxii", null);
insert into species values(null, "amphibians", null, "Litoria xanthomera", null);
insert into species values(null, "amphibians", null, "Mixophyes balbus", null);
insert into species values(null, "amphibians", null, "Mixophyes fasciolatus", null);
insert into species values(null, "amphibians", null, "Mixophyes fleayi", null);
insert into species values(null, "amphibians", null, "Mixophyes iteratus", null);
insert into species values(null, "amphibians", null, "Mixophyes schevilli", null);
insert into species values(null, "amphibians", null, "Neobatrachus albipes", null);
insert into species values(null, "amphibians", null, "Neobatrachus aquilonius", null);
insert into species values(null, "amphibians", null, "Neobatrachus centralis", null);
insert into species values(null, "amphibians", null, "Neobatrachus kunapalari", null);
insert into species values(null, "amphibians", null, "Neobatrachus pelobatoides", null);
insert into species values(null, "amphibians", null, "Neobatrachus pictus", null);
insert into species values(null, "amphibians", null, "Neobatrachus sudelli", null);
insert into species values(null, "amphibians", null, "Neobatrachus sutor", null);
insert into species values(null, "amphibians", null, "Notaden bennettii", null);
insert into species values(null, "amphibians", null, "Notaden melanoscaphus", null);
insert into species values(null, "amphibians", null, "Notaden nichollsi", null);
insert into species values(null, "amphibians", null, "Nyctimystes dayi", null);
insert into species values(null, "amphibians", null, "Philoria kundagungan", null);
insert into species values(null, "amphibians", null, "Philoria loveridgei", null);
insert into species values(null, "amphibians", null, "Philoria pughi", null);
insert into species values(null, "amphibians", null, "Philoria sphagnicolus", null);
insert into species values(null, "amphibians", null, "Pseudophryne australis", null);
insert into species values(null, "amphibians", null, "Pseudophryne bibronii", null);
insert into species values(null, "amphibians", null, "Pseudophryne coriacea", null);
insert into species values(null, "amphibians", null, "Pseudophryne corroboree", null);
insert into species values(null, "amphibians", null, "Pseudophryne dendyi", null);
insert into species values(null, "amphibians", null, "Pseudophryne guentheri", null);
insert into species values(null, "amphibians", null, "Pseudophryne major", null);
insert into species values(null, "amphibians", null, "Pseudophryne occidentalis", null);
insert into species values(null, "amphibians", null, "Pseudophryne pengilleyi", null);
insert into species values(null, "amphibians", null, "Pseudophryne semimarmorata", null);
insert into species values(null, "amphibians", null, "Rana daemeli", null);
insert into species values(null, "amphibians", null, "Rhinella marina", null);
insert into species values(null, "amphibians", null, "Taudactylus acutirostris", null);
insert into species values(null, "amphibians", null, "Uperoleia altissima", null);
insert into species values(null, "amphibians", null, "Uperoleia arenicola", null);
insert into species values(null, "amphibians", null, "Uperoleia borealis", null);
insert into species values(null, "amphibians", null, "Uperoleia capitulata", null);
insert into species values(null, "amphibians", null, "Uperoleia fusca", null);
insert into species values(null, "amphibians", null, "Uperoleia inundata", null);
insert into species values(null, "amphibians", null, "Uperoleia laevigata", null);
insert into species values(null, "amphibians", null, "Uperoleia lithomoda", null);
insert into species values(null, "amphibians", null, "Uperoleia littlejohni", null);
insert into species values(null, "amphibians", null, "Uperoleia micromeles", null);
insert into species values(null, "amphibians", null, "Uperoleia mimula", null);
insert into species values(null, "amphibians", null, "Uperoleia mjobergii", null);
insert into species values(null, "amphibians", null, "Uperoleia rugosa", null);
insert into species values(null, "amphibians", null, "Uperoleia trachyderma", null);
insert into species values(null, "amphibians", null, "Uperoleia tyleri", null);
insert into species values(null, "reptiles", null, "Acanthophis antarcticus", null);
insert into species values(null, "reptiles", null, "Acanthophis pyrrhus", null);
insert into species values(null, "reptiles", null, "Acritoscincus duperreyi", null);
insert into species values(null, "reptiles", null, "Acritoscincus platynota", null);
insert into species values(null, "reptiles", null, "Acritoscincus trilineata", null);
insert into species values(null, "reptiles", null, "Acrochordus arafurae", null);
insert into species values(null, "reptiles", null, "Amphibolurus muricatus", null);
insert into species values(null, "reptiles", null, "Amphibolurus nobbi", null);
insert into species values(null, "reptiles", null, "Amphibolurus norrisi", null);
insert into species values(null, "reptiles", null, "Anepischetosia maccoyi", null);
insert into species values(null, "reptiles", null, "Anomalopus brevicollis", null);
insert into species values(null, "reptiles", null, "Anomalopus leuckartii", null);
insert into species values(null, "reptiles", null, "Anomalopus mackayi", null);
insert into species values(null, "reptiles", null, "Anomalopus swansoni", null);
insert into species values(null, "reptiles", null, "Anomalopus verreauxii", null);
insert into species values(null, "reptiles", null, "Antaresia maculosa", null);
insert into species values(null, "reptiles", null, "Antaresia perthensis", null);
insert into species values(null, "reptiles", null, "Antaresia stimsoni", null);
insert into species values(null, "reptiles", null, "Antechinus leo", null);
insert into species values(null, "reptiles", null, "Aprasia inaurita", null);
insert into species values(null, "reptiles", null, "Aprasia parapulchella", null);
insert into species values(null, "reptiles", null, "Aprasia striolata", null);
insert into species values(null, "reptiles", null, "Aspidites melanocephalus", null);
insert into species values(null, "reptiles", null, "Aspidites ramsayi", null);
insert into species values(null, "reptiles", null, "Austrelaps labialis", null);
insert into species values(null, "reptiles", null, "Austrelaps ramsayi", null);
insert into species values(null, "reptiles", null, "Austrelaps superbus", null);
insert into species values(null, "reptiles", null, "Bellatorias frerei", null);
insert into species values(null, "reptiles", null, "Bellatorias major", null);
insert into species values(null, "reptiles", null, "Bellatorias obiri", null);
insert into species values(null, "reptiles", null, "Boiga irregularis", null);
insert into species values(null, "reptiles", null, "Brachyurophis australis", null);
insert into species values(null, "reptiles", null, "Brachyurophis fasciolatus", null);
insert into species values(null, "reptiles", null, "Brachyurophis incinctus", null);
insert into species values(null, "reptiles", null, "Brachyurophis roperi", null);
insert into species values(null, "reptiles", null, "Brachyurophis semifasciatus", null);
insert into species values(null, "reptiles", null, "Cacophis harriettae", null);
insert into species values(null, "reptiles", null, "Cacophis krefftii", null);
insert into species values(null, "reptiles", null, "Cacophis squamulosus", null);
insert into species values(null, "reptiles", null, "Calyptotis lepidorostrum", null);
insert into species values(null, "reptiles", null, "Calyptotis ruficauda", null);
insert into species values(null, "reptiles", null, "Calyptotis scutirostrum", null);
insert into species values(null, "reptiles", null, "Calyptotis temporalis", null);
insert into species values(null, "reptiles", null, "Carlia amax", null);
insert into species values(null, "reptiles", null, "Carlia gracilis", null);
insert into species values(null, "reptiles", null, "Carlia jarnoldae", null);
insert into species values(null, "reptiles", null, "Carlia johnstonei", null);
insert into species values(null, "reptiles", null, "Carlia munda", null);
insert into species values(null, "reptiles", null, "Carlia mundivensis", null);
insert into species values(null, "reptiles", null, "Carlia pectoralis", null);
insert into species values(null, "reptiles", null, "Carlia rimula", null);
insert into species values(null, "reptiles", null, "Carlia rostralis", null);
insert into species values(null, "reptiles", null, "Carlia rubrigularis", null);
insert into species values(null, "reptiles", null, "Carlia rufilatus", null);
insert into species values(null, "reptiles", null, "Carlia schmeltzii", null);
insert into species values(null, "reptiles", null, "Carlia storri", null);
insert into species values(null, "reptiles", null, "Carlia tetradactyla", null);
insert into species values(null, "reptiles", null, "Carlia triacantha", null);
insert into species values(null, "reptiles", null, "Carlia vivax", null);
insert into species values(null, "reptiles", null, "Chelosania brunnea", null);
insert into species values(null, "reptiles", null, "Chlamydosaurus kingii", null);
insert into species values(null, "reptiles", null, "Christinus alexanderi", null);
insert into species values(null, "reptiles", null, "Christinus marmoratus", null);
insert into species values(null, "reptiles", null, "Coeranoscincus frontalis", null);
insert into species values(null, "reptiles", null, "Coeranoscincus reticulatus", null);
insert into species values(null, "reptiles", null, "Crenadactylus ocellatus", null);
insert into species values(null, "reptiles", null, "Cryptoblepharus australis", null);
insert into species values(null, "reptiles", null, "Cryptoblepharus litoralis", null);
insert into species values(null, "reptiles", null, "Cryptoblepharus metallicus", null);
insert into species values(null, "reptiles", null, "Cryptoblepharus ochrus", null);
insert into species values(null, "reptiles", null, "Cryptoblepharus pannosus", null);
insert into species values(null, "reptiles", null, "Cryptoblepharus plagiocephalus", null);
insert into species values(null, "reptiles", null, "Cryptoblepharus pulcher", null);
insert into species values(null, "reptiles", null, "Cryptoblepharus ruber", null);
insert into species values(null, "reptiles", null, "Cryptoblepharus virgatus", null);
insert into species values(null, "reptiles", null, "Cryptophis boschmai", null);
insert into species values(null, "reptiles", null, "Cryptophis nigrescens", null);
insert into species values(null, "reptiles", null, "Cryptophis pallidiceps", null);
insert into species values(null, "reptiles", null, "Ctenophorus caudicinctus", null);
insert into species values(null, "reptiles", null, "Ctenophorus clayi", null);
insert into species values(null, "reptiles", null, "Ctenophorus cristatus", null);
insert into species values(null, "reptiles", null, "Ctenophorus decresii", null);
insert into species values(null, "reptiles", null, "Ctenophorus femoralis", null);
insert into species values(null, "reptiles", null, "Ctenophorus fionni", null);
insert into species values(null, "reptiles", null, "Ctenophorus fordi", null);
insert into species values(null, "reptiles", null, "Ctenophorus gibba", null);
insert into species values(null, "reptiles", null, "Ctenophorus isolepis", null);
insert into species values(null, "reptiles", null, "Ctenophorus maculatus", null);
insert into species values(null, "reptiles", null, "Ctenophorus maculosus", null);
insert into species values(null, "reptiles", null, "Ctenophorus mckenziei", null);
insert into species values(null, "reptiles", null, "Ctenophorus nuchalis", null);
insert into species values(null, "reptiles", null, "Ctenophorus ornatus", null);
insert into species values(null, "reptiles", null, "Ctenophorus parviceps", null);
insert into species values(null, "reptiles", null, "Ctenophorus pictus", null);
insert into species values(null, "reptiles", null, "Ctenophorus reticulatus", null);
insert into species values(null, "reptiles", null, "Ctenophorus rufescens", null);
insert into species values(null, "reptiles", null, "Ctenophorus salinarum", null);
insert into species values(null, "reptiles", null, "Ctenophorus scutulatus", null);
insert into species values(null, "reptiles", null, "Ctenophorus tjantjalka", null);
insert into species values(null, "reptiles", null, "Ctenophorus vadnappa", null);
insert into species values(null, "reptiles", null, "Ctenotus alacer", null);
insert into species values(null, "reptiles", null, "Ctenotus allotropis", null);
insert into species values(null, "reptiles", null, "Ctenotus ariadnae", null);
insert into species values(null, "reptiles", null, "Ctenotus arnhemensis", null);
insert into species values(null, "reptiles", null, "Ctenotus astarte", null);
insert into species values(null, "reptiles", null, "Ctenotus astictus", null);
insert into species values(null, "reptiles", null, "Ctenotus atlas", null);
insert into species values(null, "reptiles", null, "Ctenotus borealis", null);
insert into species values(null, "reptiles", null, "Ctenotus brevipes", null);
insert into species values(null, "reptiles", null, "Ctenotus brooksi", null);
insert into species values(null, "reptiles", null, "Ctenotus calurus", null);
insert into species values(null, "reptiles", null, "Ctenotus catenifer", null);
insert into species values(null, "reptiles", null, "Ctenotus coggeri", null);
insert into species values(null, "reptiles", null, "Ctenotus decaneurus", null);
insert into species values(null, "reptiles", null, "Ctenotus dux", null);
insert into species values(null, "reptiles", null, "Ctenotus essingtonii", null);
insert into species values(null, "reptiles", null, "Ctenotus euclae", null);
insert into species values(null, "reptiles", null, "Ctenotus eurydice", null);
insert into species values(null, "reptiles", null, "Ctenotus fallens", null);
insert into species values(null, "reptiles", null, "Ctenotus gagudju", null);
insert into species values(null, "reptiles", null, "Ctenotus grandis", null);
insert into species values(null, "reptiles", null, "Ctenotus greeri", null);
insert into species values(null, "reptiles", null, "Ctenotus hanloni", null);
insert into species values(null, "reptiles", null, "Ctenotus hebetior", null);
insert into species values(null, "reptiles", null, "Ctenotus helenae", null);
insert into species values(null, "reptiles", null, "Ctenotus hilli", null);
insert into species values(null, "reptiles", null, "Ctenotus impar", null);
insert into species values(null, "reptiles", null, "Ctenotus ingrami", null);
insert into species values(null, "reptiles", null, "Ctenotus inornatus", null);
insert into species values(null, "reptiles", null, "Ctenotus joanae", null);
insert into species values(null, "reptiles", null, "Ctenotus kurnbudj", null);
insert into species values(null, "reptiles", null, "Ctenotus labillardieri", null);
insert into species values(null, "reptiles", null, "Ctenotus leae", null);
insert into species values(null, "reptiles", null, "Ctenotus leonhardii", null);
insert into species values(null, "reptiles", null, "Ctenotus militaris", null);
insert into species values(null, "reptiles", null, "Ctenotus mimetes", null);
insert into species values(null, "reptiles", null, "Ctenotus nasutus", null);
insert into species values(null, "reptiles", null, "Ctenotus olympicus", null);
insert into species values(null, "reptiles", null, "Ctenotus orientalis", null);
insert into species values(null, "reptiles", null, "Ctenotus pallescens", null);
insert into species values(null, "reptiles", null, "Ctenotus pantherinus", null);
insert into species values(null, "reptiles", null, "Ctenotus piankai", null);
insert into species values(null, "reptiles", null, "Ctenotus pulchellus", null);
insert into species values(null, "reptiles", null, "Ctenotus quattuordecimlineatus", null);
insert into species values(null, "reptiles", null, "Ctenotus regius", null);
insert into species values(null, "reptiles", null, "Ctenotus rimacolus", null);
insert into species values(null, "reptiles", null, "Ctenotus robustus", null);
insert into species values(null, "reptiles", null, "Ctenotus saxatilis", null);
insert into species values(null, "reptiles", null, "Ctenotus schomburgkii", null);
insert into species values(null, "reptiles", null, "Ctenotus septenarius", null);
insert into species values(null, "reptiles", null, "Ctenotus severus", null);
insert into species values(null, "reptiles", null, "Ctenotus spaldingi", null);
insert into species values(null, "reptiles", null, "Ctenotus storri", null);
insert into species values(null, "reptiles", null, "Ctenotus strauchii", null);
insert into species values(null, "reptiles", null, "Ctenotus striaticeps", null);
insert into species values(null, "reptiles", null, "Ctenotus taeniatus", null);
insert into species values(null, "reptiles", null, "Ctenotus taeniolatus", null);
insert into species values(null, "reptiles", null, "Ctenotus tanamiensis", null);
insert into species values(null, "reptiles", null, "Ctenotus tantillus", null);
insert into species values(null, "reptiles", null, "Ctenotus uber", null);
insert into species values(null, "reptiles", null, "Ctenotus vertebralis", null);
insert into species values(null, "reptiles", null, "Delma australis", null);
insert into species values(null, "reptiles", null, "Delma borea", null);
insert into species values(null, "reptiles", null, "Delma butleri", null);
insert into species values(null, "reptiles", null, "Delma fraseri", null);
insert into species values(null, "reptiles", null, "Delma haroldi", null);
insert into species values(null, "reptiles", null, "Delma impar", null);
insert into species values(null, "reptiles", null, "Delma inornata", null);
insert into species values(null, "reptiles", null, "Delma molleri", null);
insert into species values(null, "reptiles", null, "Delma nasuta", null);
insert into species values(null, "reptiles", null, "Delma petersoni", null);
insert into species values(null, "reptiles", null, "Delma plebeia", null);
insert into species values(null, "reptiles", null, "Delma tincta", null);
insert into species values(null, "reptiles", null, "Demansia atra", null);
insert into species values(null, "reptiles", null, "Demansia olivacea", null);
insert into species values(null, "reptiles", null, "Demansia papuensis", null);
insert into species values(null, "reptiles", null, "Demansia psammophis", null);
insert into species values(null, "reptiles", null, "Demansia quaesitor", null);
insert into species values(null, "reptiles", null, "Demansia rimicola", null);
insert into species values(null, "reptiles", null, "Demansia simplex", null);
insert into species values(null, "reptiles", null, "Demansia torquata", null);
insert into species values(null, "reptiles", null, "Demansia vestigiata", null);
insert into species values(null, "reptiles", null, "Dendrelaphis calligastra", null);
insert into species values(null, "reptiles", null, "Dendrelaphis punctulatus", null);
insert into species values(null, "reptiles", null, "Denisonia devisi", null);
insert into species values(null, "reptiles", null, "Denisonia maculata", null);
insert into species values(null, "reptiles", null, "Diplodactylus calcicolus", null);
insert into species values(null, "reptiles", null, "Diplodactylus conspicillatus", null);
insert into species values(null, "reptiles", null, "Diplodactylus damaeum", null);
insert into species values(null, "reptiles", null, "Diplodactylus furcosus", null);
insert into species values(null, "reptiles", null, "Diplodactylus galeatus", null);
insert into species values(null, "reptiles", null, "Diplodactylus granariensis", null);
insert into species values(null, "reptiles", null, "Diplodactylus pulcher", null);
insert into species values(null, "reptiles", null, "Diplodactylus tessellatus", null);
insert into species values(null, "reptiles", null, "Diplodactylus vittatus", null);
insert into species values(null, "reptiles", null, "Diplodactylus wiru", null);
insert into species values(null, "reptiles", null, "Diporiphora albilabris", null);
insert into species values(null, "reptiles", null, "Diporiphora arnhemica", null);
insert into species values(null, "reptiles", null, "Diporiphora australis", null);
insert into species values(null, "reptiles", null, "Diporiphora bennettii", null);
insert into species values(null, "reptiles", null, "Diporiphora bilineata", null);
insert into species values(null, "reptiles", null, "Diporiphora lalliae", null);
insert into species values(null, "reptiles", null, "Diporiphora linga", null);
insert into species values(null, "reptiles", null, "Diporiphora magna", null);
insert into species values(null, "reptiles", null, "Diporiphora pindan", null);
insert into species values(null, "reptiles", null, "Diporiphora reginae", null);
insert into species values(null, "reptiles", null, "Diporiphora winneckei", null);
insert into species values(null, "reptiles", null, "Drysdalia coronata", null);
insert into species values(null, "reptiles", null, "Drysdalia coronoides", null);
insert into species values(null, "reptiles", null, "Drysdalia mastersii", null);
insert into species values(null, "reptiles", null, "Drysdalia rhodogaster", null);
insert into species values(null, "reptiles", null, "Echiopsis curta", null);
insert into species values(null, "reptiles", null, "Egernia cunninghami", null);
insert into species values(null, "reptiles", null, "Egernia depressa", null);
insert into species values(null, "reptiles", null, "Egernia formosa", null);
insert into species values(null, "reptiles", null, "Egernia hosmeri", null);
insert into species values(null, "reptiles", null, "Egernia kingii", null);
insert into species values(null, "reptiles", null, "Egernia major", null);
insert into species values(null, "reptiles", null, "Egernia mcpheei", null);
insert into species values(null, "reptiles", null, "Egernia modesta", null);
insert into species values(null, "reptiles", null, "Egernia napoleonis", null);
insert into species values(null, "reptiles", null, "Egernia richardi", null);
insert into species values(null, "reptiles", null, "Egernia saxatilis", null);
insert into species values(null, "reptiles", null, "Egernia stokesii", null);
insert into species values(null, "reptiles", null, "Egernia striolata", null);
insert into species values(null, "reptiles", null, "Egernia whitii", null);
insert into species values(null, "reptiles", null, "Eremiascincus fasciolatus", null);
insert into species values(null, "reptiles", null, "Eremiascincus richardsonii", null);
insert into species values(null, "reptiles", null, "Eulamprus brachysoma", null);
insert into species values(null, "reptiles", null, "Eulamprus heatwolei", null);
insert into species values(null, "reptiles", null, "Eulamprus kosciuskoi", null);
insert into species values(null, "reptiles", null, "Eulamprus leuraensis", null);
insert into species values(null, "reptiles", null, "Eulamprus martini", null);
insert into species values(null, "reptiles", null, "Eulamprus murrayi", null);
insert into species values(null, "reptiles", null, "Eulamprus quoyii", null);
insert into species values(null, "reptiles", null, "Eulamprus tenuis", null);
insert into species values(null, "reptiles", null, "Eulamprus tympanum", null);
insert into species values(null, "reptiles", null, "Furina diadema", null);
insert into species values(null, "reptiles", null, "Furina ornata", null);
insert into species values(null, "reptiles", null, "Furina tristis", null);
insert into species values(null, "reptiles", null, "Gehyra australis", null);
insert into species values(null, "reptiles", null, "Gehyra borroloola", null);
insert into species values(null, "reptiles", null, "Gehyra catenata", null);
insert into species values(null, "reptiles", null, "Gehyra dubia", null);
insert into species values(null, "reptiles", null, "Gehyra koira", null);
insert into species values(null, "reptiles", null, "Gehyra lazelli", null);
insert into species values(null, "reptiles", null, "Gehyra minuta", null);
insert into species values(null, "reptiles", null, "Gehyra montium", null);
insert into species values(null, "reptiles", null, "Gehyra nana", null);
insert into species values(null, "reptiles", null, "Gehyra occidentalis", null);
insert into species values(null, "reptiles", null, "Gehyra pamela", null);
insert into species values(null, "reptiles", null, "Gehyra pilbara", null);
insert into species values(null, "reptiles", null, "Gehyra punctata", null);
insert into species values(null, "reptiles", null, "Gehyra purpurascens", null);
insert into species values(null, "reptiles", null, "Gehyra robusta", null);
insert into species values(null, "reptiles", null, "Gehyra variegata", null);
insert into species values(null, "reptiles", null, "Glaphyromorphus cracens", null);
insert into species values(null, "reptiles", null, "Glaphyromorphus crassicaudus", null);
insert into species values(null, "reptiles", null, "Glaphyromorphus darwiniensis", null);
insert into species values(null, "reptiles", null, "Glaphyromorphus douglasi", null);
insert into species values(null, "reptiles", null, "Glaphyromorphus fuscicaudis", null);
insert into species values(null, "reptiles", null, "Glaphyromorphus isolepis", null);
insert into species values(null, "reptiles", null, "Glaphyromorphus mjobergi", null);
insert into species values(null, "reptiles", null, "Glaphyromorphus nigricaudis", null);
insert into species values(null, "reptiles", null, "Glaphyromorphus pardalis", null);
insert into species values(null, "reptiles", null, "Glaphyromorphus punctulatus", null);
insert into species values(null, "reptiles", null, "Gnypetoscincus queenslandiae", null);
insert into species values(null, "reptiles", null, "Harrisoniascincus zia", null);
insert into species values(null, "reptiles", null, "Hemiaspis damelii", null);
insert into species values(null, "reptiles", null, "Hemiaspis signata", null);
insert into species values(null, "reptiles", null, "Hemidactylus frenatus", null);
insert into species values(null, "reptiles", null, "Hemiergis decresiensis", null);
insert into species values(null, "reptiles", null, "Hemiergis gracilipes", null);
insert into species values(null, "reptiles", null, "Hemiergis initialis", null);
insert into species values(null, "reptiles", null, "Hemiergis millewae", null);
insert into species values(null, "reptiles", null, "Hemiergis peronii", null);
insert into species values(null, "reptiles", null, "Hemiergis quadrilineata", null);
insert into species values(null, "reptiles", null, "Heteronotia binoei", null);
insert into species values(null, "reptiles", null, "Heteronotia planiceps", null);
insert into species values(null, "reptiles", null, "Heteronotia spelea", null);
insert into species values(null, "reptiles", null, "Hoplocephalus bitorquatus", null);
insert into species values(null, "reptiles", null, "Hoplocephalus bungaroides", null);
insert into species values(null, "reptiles", null, "Hoplocephalus stephensii", null);
insert into species values(null, "reptiles", null, "Hypsilurus boydii", null);
insert into species values(null, "reptiles", null, "Hypsilurus spinipes", null);
insert into species values(null, "reptiles", null, "Lampropholis adonis", null);
insert into species values(null, "reptiles", null, "Lampropholis amicula", null);
insert into species values(null, "reptiles", null, "Lampropholis caligula", null);
insert into species values(null, "reptiles", null, "Lampropholis coggeri", null);
insert into species values(null, "reptiles", null, "Lampropholis delicata", null);
insert into species values(null, "reptiles", null, "Lampropholis guichenoti", null);
insert into species values(null, "reptiles", null, "Lerista aericeps", null);
insert into species values(null, "reptiles", null, "Lerista baynesi", null);
insert into species values(null, "reptiles", null, "Lerista bipes", null);
insert into species values(null, "reptiles", null, "Lerista borealis", null);
insert into species values(null, "reptiles", null, "Lerista bougainvillii", null);
insert into species values(null, "reptiles", null, "Lerista christinae", null);
insert into species values(null, "reptiles", null, "Lerista clara", null);
insert into species values(null, "reptiles", null, "Lerista connivens", null);
insert into species values(null, "reptiles", null, "Lerista desertorum", null);
insert into species values(null, "reptiles", null, "Lerista distinguenda", null);
insert into species values(null, "reptiles", null, "Lerista dorsalis", null);
insert into species values(null, "reptiles", null, "Lerista edwardsae", null);
insert into species values(null, "reptiles", null, "Lerista elegans", null);
insert into species values(null, "reptiles", null, "Lerista elongata", null);
insert into species values(null, "reptiles", null, "Lerista flammicauda", null);
insert into species values(null, "reptiles", null, "Lerista fragilis", null);
insert into species values(null, "reptiles", null, "Lerista frosti", null);
insert into species values(null, "reptiles", null, "Lerista gascoynensis", null);
insert into species values(null, "reptiles", null, "Lerista gerrardii", null);
insert into species values(null, "reptiles", null, "Lerista greeri", null);
insert into species values(null, "reptiles", null, "Lerista griffini", null);
insert into species values(null, "reptiles", null, "Lerista humphriesi", null);
insert into species values(null, "reptiles", null, "Lerista ips", null);
insert into species values(null, "reptiles", null, "Lerista jacksoni", null);
insert into species values(null, "reptiles", null, "Lerista karlschmidti", null);
insert into species values(null, "reptiles", null, "Lerista kendricki", null);
insert into species values(null, "reptiles", null, "Lerista kingi", null);
insert into species values(null, "reptiles", null, "Lerista labialis", null);
insert into species values(null, "reptiles", null, "Lerista lineata", null);
insert into species values(null, "reptiles", null, "Lerista lineopunctulata", null);
insert into species values(null, "reptiles", null, "Lerista macropisthopus", null);
insert into species values(null, "reptiles", null, "Lerista micra", null);
insert into species values(null, "reptiles", null, "Lerista microtis", null);
insert into species values(null, "reptiles", null, "Lerista muelleri", null);
insert into species values(null, "reptiles", null, "Lerista neander", null);
insert into species values(null, "reptiles", null, "Lerista nichollsi", null);
insert into species values(null, "reptiles", null, "Lerista onsloviana", null);
insert into species values(null, "reptiles", null, "Lerista orientalis", null);
insert into species values(null, "reptiles", null, "Lerista petersoni", null);
insert into species values(null, "reptiles", null, "Lerista picturata", null);
insert into species values(null, "reptiles", null, "Lerista planiventralis", null);
insert into species values(null, "reptiles", null, "Lerista praepedita", null);
insert into species values(null, "reptiles", null, "Lerista punctatovittata", null);
insert into species values(null, "reptiles", null, "Lerista rolfei", null);
insert into species values(null, "reptiles", null, "Lerista terdigitata", null);
insert into species values(null, "reptiles", null, "Lerista timida", null);
insert into species values(null, "reptiles", null, "Lerista tridactyla", null);
insert into species values(null, "reptiles", null, "Lerista uniduo", null);
insert into species values(null, "reptiles", null, "Lerista varia", null);
insert into species values(null, "reptiles", null, "Lerista verhmens", null);
insert into species values(null, "reptiles", null, "Lerista vermicularis", null);
insert into species values(null, "reptiles", null, "Lerista walkeri", null);
insert into species values(null, "reptiles", null, "Lerista zietzi", null);
insert into species values(null, "reptiles", null, "Lerista zonulata", null);
insert into species values(null, "reptiles", null, "Lialis burtonis", null);
insert into species values(null, "reptiles", null, "Liasis fuscus", null);
insert into species values(null, "reptiles", null, "Liasis olivaceus", null);
insert into species values(null, "reptiles", null, "Liopholis inornata", null);
insert into species values(null, "reptiles", null, "Liopholis kintorei", null);
insert into species values(null, "reptiles", null, "Liopholis margaretae", null);
insert into species values(null, "reptiles", null, "Liopholis modesta", null);
insert into species values(null, "reptiles", null, "Liopholis montana", null);
insert into species values(null, "reptiles", null, "Liopholis multiscutata", null);
insert into species values(null, "reptiles", null, "Liopholis slateri", null);
insert into species values(null, "reptiles", null, "Liopholis striata", null);
insert into species values(null, "reptiles", null, "Liopholis whitii", null);
insert into species values(null, "reptiles", null, "Lissolepis coventryi", null);
insert into species values(null, "reptiles", null, "Lophognathus burnsi", null);
insert into species values(null, "reptiles", null, "Lophognathus gilberti", null);
insert into species values(null, "reptiles", null, "Lophognathus longirostris", null);
insert into species values(null, "reptiles", null, "Lophognathus temporalis", null);
insert into species values(null, "reptiles", null, "Lucasium bungabinna", null);
insert into species values(null, "reptiles", null, "Lucasium byrnei", null);
insert into species values(null, "reptiles", null, "Lucasium damaeum", null);
insert into species values(null, "reptiles", null, "Lucasium immaculatum", null);
insert into species values(null, "reptiles", null, "Lucasium maini", null);
insert into species values(null, "reptiles", null, "Lucasium occultum", null);
insert into species values(null, "reptiles", null, "Lucasium squarrosum", null);
insert into species values(null, "reptiles", null, "Lucasium steindachneri", null);
insert into species values(null, "reptiles", null, "Lucasium stenodactylum", null);
insert into species values(null, "reptiles", null, "Lygisaurus foliorum", null);
insert into species values(null, "reptiles", null, "Lygisaurus laevis", null);
insert into species values(null, "reptiles", null, "Lygisaurus macfarlani", null);
insert into species values(null, "reptiles", null, "Menetia alanae", null);
insert into species values(null, "reptiles", null, "Menetia concinna", null);
insert into species values(null, "reptiles", null, "Menetia greyii", null);
insert into species values(null, "reptiles", null, "Menetia maini", null);
insert into species values(null, "reptiles", null, "Moloch horridus", null);
insert into species values(null, "reptiles", null, "Morelia amethistina", null);
insert into species values(null, "reptiles", null, "Morelia spilota", null);
insert into species values(null, "reptiles", null, "Morethia adelaidensis", null);
insert into species values(null, "reptiles", null, "Morethia boulengeri", null);
insert into species values(null, "reptiles", null, "Morethia butleri", null);
insert into species values(null, "reptiles", null, "Morethia lineoocellata", null);
insert into species values(null, "reptiles", null, "Morethia obscura", null);
insert into species values(null, "reptiles", null, "Morethia ruficauda", null);
insert into species values(null, "reptiles", null, "Morethia storri", null);
insert into species values(null, "reptiles", null, "Morethia taeniopleura", null);
insert into species values(null, "reptiles", null, "Nannoscincus maccoyi", null);
insert into species values(null, "reptiles", null, "Neelaps bimaculatus", null);
insert into species values(null, "reptiles", null, "Neelaps calonotus", null);
insert into species values(null, "reptiles", null, "Nephrurus amyae", null);
insert into species values(null, "reptiles", null, "Nephrurus asper", null);
insert into species values(null, "reptiles", null, "Nephrurus deleani", null);
insert into species values(null, "reptiles", null, "Nephrurus laevissimus", null);
insert into species values(null, "reptiles", null, "Nephrurus levis", null);
insert into species values(null, "reptiles", null, "Nephrurus milii", null);
insert into species values(null, "reptiles", null, "Nephrurus sheai", null);
insert into species values(null, "reptiles", null, "Nephrurus stellatus", null);
insert into species values(null, "reptiles", null, "Nephrurus vertebralis", null);
insert into species values(null, "reptiles", null, "Nephrurus wheeleri", null);
insert into species values(null, "reptiles", null, "Niveoscincus coventryi", null);
insert into species values(null, "reptiles", null, "Niveoscincus greeni", null);
insert into species values(null, "reptiles", null, "Niveoscincus metallicus", null);
insert into species values(null, "reptiles", null, "Niveoscincus microlepidotus", null);
insert into species values(null, "reptiles", null, "Niveoscincus ocellatus", null);
insert into species values(null, "reptiles", null, "Niveoscincus pretiosus", null);
insert into species values(null, "reptiles", null, "Notechis ater", null);
insert into species values(null, "reptiles", null, "Notechis scutatus", null);
insert into species values(null, "reptiles", null, "Notoscincus ornatus", null);
insert into species values(null, "reptiles", null, "Oedura castelnaui", null);
insert into species values(null, "reptiles", null, "Oedura coggeri", null);
insert into species values(null, "reptiles", null, "Oedura gemmata", null);
insert into species values(null, "reptiles", null, "Oedura gracilis", null);
insert into species values(null, "reptiles", null, "Oedura lesueurii", null);
insert into species values(null, "reptiles", null, "Oedura marmorata", null);
insert into species values(null, "reptiles", null, "Oedura monilis", null);
insert into species values(null, "reptiles", null, "Oedura rhombifer", null);
insert into species values(null, "reptiles", null, "Oedura robusta", null);
insert into species values(null, "reptiles", null, "Oedura tryoni", null);
insert into species values(null, "reptiles", null, "Ophidiocephalus taeniatus", null);
insert into species values(null, "reptiles", null, "Ophioscincus truncatus", null);
insert into species values(null, "reptiles", null, "Oxyuranus microlepidotus", null);
insert into species values(null, "reptiles", null, "Oxyuranus scutellatus", null);
insert into species values(null, "reptiles", null, "Parasuta dwyeri", null);
insert into species values(null, "reptiles", null, "Parasuta flagellum", null);
insert into species values(null, "reptiles", null, "Parasuta gouldii", null);
insert into species values(null, "reptiles", null, "Parasuta monachus", null);
insert into species values(null, "reptiles", null, "Parasuta nigriceps", null);
insert into species values(null, "reptiles", null, "Parasuta spectabilis", null);
insert into species values(null, "reptiles", null, "Phyllurus platurus", null);
insert into species values(null, "reptiles", null, "Physignathus lesueurii", null);
insert into species values(null, "reptiles", null, "Pogona barbata", null);
insert into species values(null, "reptiles", null, "Pogona henrylawsoni", null);
insert into species values(null, "reptiles", null, "Pogona minor", null);
insert into species values(null, "reptiles", null, "Pogona mitchelli", null);
insert into species values(null, "reptiles", null, "Pogona nullarbor", null);
insert into species values(null, "reptiles", null, "Pogona vitticeps", null);
insert into species values(null, "reptiles", null, "Proablepharus kinghorni", null);
insert into species values(null, "reptiles", null, "Proablepharus reginae", null);
insert into species values(null, "reptiles", null, "Proablepharus tenuis", null);
insert into species values(null, "reptiles", null, "Pseudechis australis", null);
insert into species values(null, "reptiles", null, "Pseudechis guttatus", null);
insert into species values(null, "reptiles", null, "Pseudechis porphyriacus", null);
insert into species values(null, "reptiles", null, "Pseudemoia cryodroma", null);
insert into species values(null, "reptiles", null, "Pseudemoia entrecasteauxii", null);
insert into species values(null, "reptiles", null, "Pseudemoia pagenstecheri", null);
insert into species values(null, "reptiles", null, "Pseudemoia rawlinsoni", null);
insert into species values(null, "reptiles", null, "Pseudemoia spenceri", null);
insert into species values(null, "reptiles", null, "Pseudonaja affinis", null);
insert into species values(null, "reptiles", null, "Pseudonaja guttata", null);
insert into species values(null, "reptiles", null, "Pseudonaja inframacula", null);
insert into species values(null, "reptiles", null, "Pseudonaja ingrami", null);
insert into species values(null, "reptiles", null, "Pseudonaja modesta", null);
insert into species values(null, "reptiles", null, "Pseudonaja nuchalis", null);
insert into species values(null, "reptiles", null, "Pseudonaja textilis", null);
insert into species values(null, "reptiles", null, "Pseudothecadactylus lindneri", null);
insert into species values(null, "reptiles", null, "Pygopus lepidopodus", null);
insert into species values(null, "reptiles", null, "Pygopus nigriceps", null);
insert into species values(null, "reptiles", null, "Pygopus schraderi", null);
insert into species values(null, "reptiles", null, "Pygopus steelescotti", null);
insert into species values(null, "reptiles", null, "Ramphotyphlops australis", null);
insert into species values(null, "reptiles", null, "Ramphotyphlops bicolor", null);
insert into species values(null, "reptiles", null, "Ramphotyphlops bituberculatus", null);
insert into species values(null, "reptiles", null, "Ramphotyphlops braminus", null);
insert into species values(null, "reptiles", null, "Ramphotyphlops centralis", null);
insert into species values(null, "reptiles", null, "Ramphotyphlops diversus", null);
insert into species values(null, "reptiles", null, "Ramphotyphlops endoterus", null);
insert into species values(null, "reptiles", null, "Ramphotyphlops grypus", null);
insert into species values(null, "reptiles", null, "Ramphotyphlops guentheri", null);
insert into species values(null, "reptiles", null, "Ramphotyphlops ligatus", null);
insert into species values(null, "reptiles", null, "Ramphotyphlops nigrescens", null);
insert into species values(null, "reptiles", null, "Ramphotyphlops polygrammicus", null);
insert into species values(null, "reptiles", null, "Ramphotyphlops proximus", null);
insert into species values(null, "reptiles", null, "Ramphotyphlops tovelli", null);
insert into species values(null, "reptiles", null, "Ramphotyphlops unguirostris", null);
insert into species values(null, "reptiles", null, "Ramphotyphlops waitii", null);
insert into species values(null, "reptiles", null, "Ramphotyphlops wiedii", null);
insert into species values(null, "reptiles", null, "Rankinia diemensis", null);
insert into species values(null, "reptiles", null, "Rhinoplocephalus nigrescens", null);
insert into species values(null, "reptiles", null, "Rhinoplocephalus nigrostriatus", null);
insert into species values(null, "reptiles", null, "Rhynchoedura ornata", null);
insert into species values(null, "reptiles", null, "Saiphos equalis", null);
insert into species values(null, "reptiles", null, "Saltuarius cornutus", null);
insert into species values(null, "reptiles", null, "Saltuarius swaini", null);
insert into species values(null, "reptiles", null, "Saproscincus basiliscus", null);
insert into species values(null, "reptiles", null, "Saproscincus challengeri", null);
insert into species values(null, "reptiles", null, "Saproscincus mustelinus", null);
insert into species values(null, "reptiles", null, "Saproscincus rosei", null);
insert into species values(null, "reptiles", null, "Saproscincus spectabilis", null);
insert into species values(null, "reptiles", null, "Saproscincus tetradactylus", null);
insert into species values(null, "reptiles", null, "Simoselaps anomalus", null);
insert into species values(null, "reptiles", null, "Simoselaps australis", null);
insert into species values(null, "reptiles", null, "Simoselaps bertholdi", null);
insert into species values(null, "reptiles", null, "Simoselaps roperi", null);
insert into species values(null, "reptiles", null, "Simoselaps semifasciatus", null);
insert into species values(null, "reptiles", null, "Stegonotus cucullatus", null);
insert into species values(null, "reptiles", null, "Strophurus assimilis", null);
insert into species values(null, "reptiles", null, "Strophurus ciliaris", null);
insert into species values(null, "reptiles", null, "Strophurus elderi", null);
insert into species values(null, "reptiles", null, "Strophurus intermedius", null);
insert into species values(null, "reptiles", null, "Strophurus jeanae", null);
insert into species values(null, "reptiles", null, "Strophurus krisalys", null);
insert into species values(null, "reptiles", null, "Strophurus spinigerus", null);
insert into species values(null, "reptiles", null, "Strophurus taeniatus", null);
insert into species values(null, "reptiles", null, "Strophurus williamsi", null);
insert into species values(null, "reptiles", null, "Suta dwyeri", null);
insert into species values(null, "reptiles", null, "Suta flagellum", null);
insert into species values(null, "reptiles", null, "Suta gouldii", null);
insert into species values(null, "reptiles", null, "Suta nigriceps", null);
insert into species values(null, "reptiles", null, "Suta punctata", null);
insert into species values(null, "reptiles", null, "Suta suta", null);
insert into species values(null, "reptiles", null, "Tiliqua adelaidensis", null);
insert into species values(null, "reptiles", null, "Tiliqua multifasciata", null);
insert into species values(null, "reptiles", null, "Tiliqua nigrolutea", null);
insert into species values(null, "reptiles", null, "Tiliqua occipitalis", null);
insert into species values(null, "reptiles", null, "Tiliqua rugosa", null);
insert into species values(null, "reptiles", null, "Tiliqua scincoides", null);
insert into species values(null, "reptiles", null, "Tropidechis carinatus", null);
insert into species values(null, "reptiles", null, "Tropidonophis mairii", null);
insert into species values(null, "reptiles", null, "Tympanocryptis centralis", null);
insert into species values(null, "reptiles", null, "Tympanocryptis cephalus", null);
insert into species values(null, "reptiles", null, "Tympanocryptis houstoni", null);
insert into species values(null, "reptiles", null, "Tympanocryptis intima", null);
insert into species values(null, "reptiles", null, "Tympanocryptis lineata", null);
insert into species values(null, "reptiles", null, "Tympanocryptis pinguicolla", null);
insert into species values(null, "reptiles", null, "Tympanocryptis tetraporophora", null);
insert into species values(null, "reptiles", null, "Varanus acanthurus", null);
insert into species values(null, "reptiles", null, "Varanus baritji", null);
insert into species values(null, "reptiles", null, "Varanus brevicauda", null);
insert into species values(null, "reptiles", null, "Varanus caudolineatus", null);
insert into species values(null, "reptiles", null, "Varanus eremius", null);
insert into species values(null, "reptiles", null, "Varanus giganteus", null);
insert into species values(null, "reptiles", null, "Varanus gilleni", null);
insert into species values(null, "reptiles", null, "Varanus glebopalma", null);
insert into species values(null, "reptiles", null, "Varanus gouldii", null);
insert into species values(null, "reptiles", null, "Varanus indicus", null);
insert into species values(null, "reptiles", null, "Varanus mertensi", null);
insert into species values(null, "reptiles", null, "Varanus mitchelli", null);
insert into species values(null, "reptiles", null, "Varanus panoptes", null);
insert into species values(null, "reptiles", null, "Varanus primordius", null);
insert into species values(null, "reptiles", null, "Varanus rosenbergi", null);
insert into species values(null, "reptiles", null, "Varanus scalaris", null);
insert into species values(null, "reptiles", null, "Varanus spenceri", null);
insert into species values(null, "reptiles", null, "Varanus storri", null);
insert into species values(null, "reptiles", null, "Varanus tristis", null);
insert into species values(null, "reptiles", null, "Varanus varius", null);
insert into species values(null, "reptiles", null, "Vermicella annulata", null);
insert into species values(null, "reptiles", null, "Vermicella multifasciata", null);
insert into species values(null, "reptiles", null, "Vermicella vermiformis", null);
insert into species values(null, "mammals", null, "Acrobates pygmaeus", null);
insert into species values(null, "mammals", null, "Aepyprymnus rufescens", null);
insert into species values(null, "mammals", null, "Antechinomys laniger", null);
insert into species values(null, "mammals", null, "Antechinus agilis", null);
insert into species values(null, "mammals", null, "Antechinus bellus", null);
insert into species values(null, "mammals", null, "Antechinus flavipes", null);
insert into species values(null, "mammals", null, "Antechinus leo", null);
insert into species values(null, "mammals", null, "Antechinus minimus", null);
insert into species values(null, "mammals", null, "Antechinus stuartii", null);
insert into species values(null, "mammals", null, "Antechinus subtropicus", null);
insert into species values(null, "mammals", null, "Antechinus swainsonii", null);
insert into species values(null, "mammals", null, "Bettongia gaimardi", null);
insert into species values(null, "mammals", null, "Bettongia penicillata", null);
insert into species values(null, "mammals", null, "Bos javanicus", null);
insert into species values(null, "mammals", null, "Burramys parvus", null);
insert into species values(null, "mammals", null, "Canis lupus", null);
insert into species values(null, "mammals", null, "Cercartetus lepidus", null);
insert into species values(null, "mammals", null, "Cercartetus nanus", null);
insert into species values(null, "mammals", null, "Chaerephon jobensis", null);
insert into species values(null, "mammals", null, "Chalinolobus dwyeri", null);
insert into species values(null, "mammals", null, "Chalinolobus gouldii", null);
insert into species values(null, "mammals", null, "Chalinolobus morio", null);
insert into species values(null, "mammals", null, "Chalinolobus nigrogriseus", null);
insert into species values(null, "mammals", null, "Chalinolobus picatus", null);
insert into species values(null, "mammals", null, "Conilurus penicillatus", null);
insert into species values(null, "mammals", null, "Dactylopsila trivirgata", null);
insert into species values(null, "mammals", null, "Dasycercus cristicauda", null);
insert into species values(null, "mammals", null, "Dasyuroides byrnei", null);
insert into species values(null, "mammals", null, "Dasyurus geoffroii", null);
insert into species values(null, "mammals", null, "Dasyurus hallucatus", null);
insert into species values(null, "mammals", null, "Dasyurus maculatus", null);
insert into species values(null, "mammals", null, "Dasyurus viverrinus", null);
insert into species values(null, "mammals", null, "Dendrolagus lumholtzi", null);
insert into species values(null, "mammals", null, "Eptesicus regulus", null);
insert into species values(null, "mammals", null, "Eptesicus vulturnus", null);
insert into species values(null, "mammals", null, "Falsistrellus tasmaniensis", null);
insert into species values(null, "mammals", null, "Gymnobelideus leadbeateri", null);
insert into species values(null, "mammals", null, "Hemibelideus lemuroides", null);
insert into species values(null, "mammals", null, "Hipposideros ater", null);
insert into species values(null, "mammals", null, "Hipposideros diadema", null);
insert into species values(null, "mammals", null, "Hipposideros stenotis", null);
insert into species values(null, "mammals", null, "Hydromys chrysogaster", null);
insert into species values(null, "mammals", null, "Hypsiprymnodon moschatus", null);
insert into species values(null, "mammals", null, "Isoodon macrourus", null);
insert into species values(null, "mammals", null, "Isoodon obesulus", null);
insert into species values(null, "mammals", null, "Kerivoula papuensis", null);
insert into species values(null, "mammals", null, "Lagorchestes conspicillatus", null);
insert into species values(null, "mammals", null, "Lasiorhinus latifrons", null);
insert into species values(null, "mammals", null, "Leggadina forresti", null);
insert into species values(null, "mammals", null, "Leggadina lakedownensis", null);
insert into species values(null, "mammals", null, "Macroderma gigas", null);
insert into species values(null, "mammals", null, "Macroglossus minimus", null);
insert into species values(null, "mammals", null, "Macropus agilis", null);
insert into species values(null, "mammals", null, "Macropus antilopinus", null);
insert into species values(null, "mammals", null, "Macropus bernardus", null);
insert into species values(null, "mammals", null, "Macropus dorsalis", null);
insert into species values(null, "mammals", null, "Macropus eugenii", null);
insert into species values(null, "mammals", null, "Macropus fuliginosus", null);
insert into species values(null, "mammals", null, "Macropus giganteus", null);
insert into species values(null, "mammals", null, "Macropus parma", null);
insert into species values(null, "mammals", null, "Macropus parryi", null);
insert into species values(null, "mammals", null, "Macropus robustus", null);
insert into species values(null, "mammals", null, "Macropus rufogriseus", null);
insert into species values(null, "mammals", null, "Macropus rufus", null);
insert into species values(null, "mammals", null, "Macrotis lagotis", null);
insert into species values(null, "mammals", null, "Mastacomys fuscus", null);
insert into species values(null, "mammals", null, "Melomys burtoni", null);
insert into species values(null, "mammals", null, "Melomys capensis", null);
insert into species values(null, "mammals", null, "Melomys cervinipes", null);
insert into species values(null, "mammals", null, "Mesembriomys gouldii", null);
insert into species values(null, "mammals", null, "Mesembriomys macrurus", null);
insert into species values(null, "mammals", null, "Miniopterus australis", null);
insert into species values(null, "mammals", null, "Miniopterus schreibersii", null);
insert into species values(null, "mammals", null, "Mormopterus beccarii", null);
insert into species values(null, "mammals", null, "Mus musculus", null);
insert into species values(null, "mammals", null, "Myotis macropus", null);
insert into species values(null, "mammals", null, "Ningaui ridei", null);
insert into species values(null, "mammals", null, "Ningaui yvonneae", null);
insert into species values(null, "mammals", null, "Notomys alexis", null);
insert into species values(null, "mammals", null, "Notomys amplus", null);
insert into species values(null, "mammals", null, "Notomys aquilo", null);
insert into species values(null, "mammals", null, "Notomys cervinus", null);
insert into species values(null, "mammals", null, "Notomys fuscus", null);
insert into species values(null, "mammals", null, "Notomys mitchellii", null);
insert into species values(null, "mammals", null, "Notoryctes typhlops", null);
insert into species values(null, "mammals", null, "Nyctimene robinsoni", null);
insert into species values(null, "mammals", null, "Nyctophilus arnhemensis", null);
insert into species values(null, "mammals", null, "Nyctophilus bifax", null);
insert into species values(null, "mammals", null, "Nyctophilus geoffroyi", null);
insert into species values(null, "mammals", null, "Nyctophilus gouldi", null);
insert into species values(null, "mammals", null, "Nyctophilus timoriensis", null);
insert into species values(null, "mammals", null, "Nyctophilus walkeri", null);
insert into species values(null, "mammals", null, "Onychogalea fraenata", null);
insert into species values(null, "mammals", null, "Onychogalea lunata", null);
insert into species values(null, "mammals", null, "Onychogalea unguifera", null);
insert into species values(null, "mammals", null, "Ornithorhynchus anatinus", null);
insert into species values(null, "mammals", null, "Perameles gunnii", null);
insert into species values(null, "mammals", null, "Perameles nasuta", null);
insert into species values(null, "mammals", null, "Petauroides volans", null);
insert into species values(null, "mammals", null, "Petaurus australis", null);
insert into species values(null, "mammals", null, "Petaurus breviceps", null);
insert into species values(null, "mammals", null, "Petaurus norfolcensis", null);
insert into species values(null, "mammals", null, "Petrogale brachyotis", null);
insert into species values(null, "mammals", null, "Petrogale concinna", null);
insert into species values(null, "mammals", null, "Petrogale herberti", null);
insert into species values(null, "mammals", null, "Petrogale inornata", null);
insert into species values(null, "mammals", null, "Petrogale lateralis", null);
insert into species values(null, "mammals", null, "Petrogale mareeba", null);
insert into species values(null, "mammals", null, "Petrogale penicillata", null);
insert into species values(null, "mammals", null, "Petrogale persephone", null);
insert into species values(null, "mammals", null, "Petrogale purpureicollis", null);
insert into species values(null, "mammals", null, "Petrogale rothschildi", null);
insert into species values(null, "mammals", null, "Petrogale xanthopus", null);
insert into species values(null, "mammals", null, "Petropseudes dahli", null);
insert into species values(null, "mammals", null, "Phascogale calura", null);
insert into species values(null, "mammals", null, "Phascogale pirata", null);
insert into species values(null, "mammals", null, "Phascogale tapoatafa", null);
insert into species values(null, "mammals", null, "Phascolarctos cinereus", null);
insert into species values(null, "mammals", null, "Pipistrellus adamsi", null);
insert into species values(null, "mammals", null, "Pipistrellus westralis", null);
insert into species values(null, "mammals", null, "Planigale gilesi", null);
insert into species values(null, "mammals", null, "Planigale ingrami", null);
insert into species values(null, "mammals", null, "Planigale maculata", null);
insert into species values(null, "mammals", null, "Planigale tenuirostris", null);
insert into species values(null, "mammals", null, "Potorous longipes", null);
insert into species values(null, "mammals", null, "Potorous tridactylus", null);
insert into species values(null, "mammals", null, "Pseudantechinus bilarni", null);
insert into species values(null, "mammals", null, "Pseudantechinus macdonnellensis", null);
insert into species values(null, "mammals", null, "Pseudantechinus ningbing", null);
insert into species values(null, "mammals", null, "Pseudocheirus peregrinus", null);
insert into species values(null, "mammals", null, "Pseudochirops archeri", null);
insert into species values(null, "mammals", null, "Pseudomys apodemoides", null);
insert into species values(null, "mammals", null, "Pseudomys australis", null);
insert into species values(null, "mammals", null, "Pseudomys bolami", null);
insert into species values(null, "mammals", null, "Pseudomys calabyi", null);
insert into species values(null, "mammals", null, "Pseudomys delicatulus", null);
insert into species values(null, "mammals", null, "Pseudomys desertor", null);
insert into species values(null, "mammals", null, "Pseudomys fumeus", null);
insert into species values(null, "mammals", null, "Pseudomys gracilicaudatus", null);
insert into species values(null, "mammals", null, "Pseudomys hermannsburgensis", null);
insert into species values(null, "mammals", null, "Pseudomys higginsi", null);
insert into species values(null, "mammals", null, "Pseudomys johnsoni", null);
insert into species values(null, "mammals", null, "Pseudomys nanus", null);
insert into species values(null, "mammals", null, "Pseudomys novaehollandiae", null);
insert into species values(null, "mammals", null, "Pseudomys occidentalis", null);
insert into species values(null, "mammals", null, "Pseudomys oralis", null);
insert into species values(null, "mammals", null, "Pseudomys pilligaensis", null);
insert into species values(null, "mammals", null, "Pseudomys shortridgei", null);
insert into species values(null, "mammals", null, "Pteropus alecto", null);
insert into species values(null, "mammals", null, "Pteropus conspicillatus", null);
insert into species values(null, "mammals", null, "Pteropus poliocephalus", null);
insert into species values(null, "mammals", null, "Pteropus scapulatus", null);
insert into species values(null, "mammals", null, "Rattus colletti", null);
insert into species values(null, "mammals", null, "Rattus fuscipes", null);
insert into species values(null, "mammals", null, "Rattus leucopus", null);
insert into species values(null, "mammals", null, "Rattus lutreolus", null);
insert into species values(null, "mammals", null, "Rattus sordidus", null);
insert into species values(null, "mammals", null, "Rattus tunneyi", null);
insert into species values(null, "mammals", null, "Rattus villosissimus", null);
insert into species values(null, "mammals", null, "Rhinolophus megaphyllus", null);
insert into species values(null, "mammals", null, "Rhinonicteris aurantia", null);
insert into species values(null, "mammals", null, "Saccolaimus flaviventris", null);
insert into species values(null, "mammals", null, "Sarcophilus harrisii", null);
insert into species values(null, "mammals", null, "Scoteanax rueppellii", null);
insert into species values(null, "mammals", null, "Scotorepens balstoni", null);
insert into species values(null, "mammals", null, "Scotorepens greyii", null);
insert into species values(null, "mammals", null, "Scotorepens orion", null);
insert into species values(null, "mammals", null, "Scotorepens sanborni", null);
insert into species values(null, "mammals", null, "Setonix brachyurus", null);
insert into species values(null, "mammals", null, "Sminthopsis bindi", null);
insert into species values(null, "mammals", null, "Sminthopsis butleri", null);
insert into species values(null, "mammals", null, "Sminthopsis crassicaudata", null);
insert into species values(null, "mammals", null, "Sminthopsis dolichura", null);
insert into species values(null, "mammals", null, "Sminthopsis gilberti", null);
insert into species values(null, "mammals", null, "Sminthopsis griseoventer", null);
insert into species values(null, "mammals", null, "Sminthopsis hirtipes", null);
insert into species values(null, "mammals", null, "Sminthopsis leucopus", null);
insert into species values(null, "mammals", null, "Sminthopsis longicaudata", null);
insert into species values(null, "mammals", null, "Sminthopsis macroura", null);
insert into species values(null, "mammals", null, "Sminthopsis murina", null);
insert into species values(null, "mammals", null, "Sminthopsis ooldea", null);
insert into species values(null, "mammals", null, "Sminthopsis psammophila", null);
insert into species values(null, "mammals", null, "Sminthopsis virginiae", null);
insert into species values(null, "mammals", null, "Sminthopsis youngsoni", null);
insert into species values(null, "mammals", null, "Syconycteris australis", null);
insert into species values(null, "mammals", null, "Tachyglossus aculeatus", null);
insert into species values(null, "mammals", null, "Tadarida australis", null);
insert into species values(null, "mammals", null, "Taphozous georgianus", null);
insert into species values(null, "mammals", null, "Taphozous hilli", null);
insert into species values(null, "mammals", null, "Taphozous kapalgensis", null);
insert into species values(null, "mammals", null, "Thylogale billardierii", null);
insert into species values(null, "mammals", null, "Thylogale stigmatica", null);
insert into species values(null, "mammals", null, "Thylogale thetis", null);
insert into species values(null, "mammals", null, "Trichosurus caninus", null);
insert into species values(null, "mammals", null, "Trichosurus vulpecula", null);
insert into species values(null, "mammals", null, "Uromys caudimaculatus", null);
insert into species values(null, "mammals", null, "Vespadelus baverstocki", null);
insert into species values(null, "mammals", null, "Vespadelus caurinus", null);
insert into species values(null, "mammals", null, "Vespadelus darlingtoni", null);
insert into species values(null, "mammals", null, "Vespadelus douglasorum", null);
insert into species values(null, "mammals", null, "Vespadelus finlaysoni", null);
insert into species values(null, "mammals", null, "Vespadelus pumilus", null);
insert into species values(null, "mammals", null, "Vespadelus regulus", null);
insert into species values(null, "mammals", null, "Vespadelus troughtoni", null);
insert into species values(null, "mammals", null, "Vespadelus vulturnus", null);
insert into species values(null, "mammals", null, "Vombatus ursinus", null);
insert into species values(null, "mammals", null, "Vulpes vulpes", null);
insert into species values(null, "mammals", null, "Wallabia bicolor", null);
insert into species values(null, "mammals", null, "Xeromys myoides", null);
insert into species values(null, "mammals", null, "Zyzomys argurus", null);
insert into species values(null, "mammals", null, "Zyzomys maini", null);
insert into species values(null, "mammals", null, "Zyzomys pedunculatus", null);
insert into species values(null, "mammals", null, "Zyzomys woodwardi", null);


CREATE TABLE "presences" (
    "year" INTEGER NOT NULL,
    "scenario" VARCHAR(4) NOT NULL,
    "presence" VARCHAR(4),
    "species_id" INTEGER NOT NULL,
    "region_id" INTEGER NOT NULL,
    PRIMARY KEY("year", "scenario", "species_id", "region_id")
);

CREATE INDEX "index_regions_region_type" ON "regions" ("region_type_regiontype");
CREATE INDEX "index_presences_species" ON "presences" ("species_id");
CREATE INDEX "index_presences_region" ON "presences" ("region_id");
CREATE UNIQUE INDEX "unique_presences_key" ON "presences" ("year", "scenario", "species_id", "region_id");
COMMIT;
